run,process,queue_total,queue_mean,sync_total,sync_mean,service_mean,utilization,queue_time_average
0,N01,2911.1979561007774,48.519965935012955,0.0,0.0,2.699826660398145,0.48485549748604856,8.713586159623139
0,N02,553.2215886489835,9.220359810816392,0.0,0.0,2.967008557570403,0.5328380637644398,1.655862655424877
0,N03,376.4231338233441,6.273718897055734,0.0,0.0,2.8950574085164793,0.5199165267335815,1.1266823687380727
0,N04,474.3189272396884,7.905315453994806,0.0,0.0,2.921891185393513,0.5247355413866278,1.4196969433087807
0,N05,67.1714899384136,1.1195248323068934,0.0,0.0,2.4640156438117975,0.44250675360676434,0.20105282219714643
0,N06,2921.490976826424,48.691516280440396,0.0,0.0,4.957696177210474,0.8903409547158041,8.744394481244742
0,N07,54.867381031459786,0.9144563505243297,0.0,0.0,2.774712336776912,0.4983040393527519,0.1642250575810541
0,N08,34.24588168065831,0.5707646946776385,0.0,0.0,2.7603464436404437,0.4957241025124784,0.10250228432983481
0,N09,39.55912602876078,0.659318767146013,0.0,0.0,2.9873893266118485,0.5364981979714563,0.11840550118848214
0,N10,91.07423303912586,1.5179038839854309,0.0,0.0,3.115535088191916,0.559511592828617,0.272596775786053
0,N11,32.11000630997036,0.5351667718328393,0.0,0.0,2.751245428460209,0.4940896726775682,0.09610933738862647
0,N12,50.65201276002884,0.8442002126671473,0.0,0.0,2.9934478692095783,0.5375862373364833,0.15160792361024977
1,N01,3938.952980589539,65.64921634315898,0.0,0.0,3.226455944443517,0.6744543417739777,13.723230615609566
1,N02,97.68172384779781,1.6280287307966301,0.0,0.0,2.9543524859789967,0.6175741729034978,0.3403211030696247
1,N03,181.8652671169015,3.0310877852816915,0.0,0.0,2.9832577759691126,0.6236164988083791,0.633614824526576
1,N04,116.50587684475306,1.9417646140792177,0.0,0.0,2.8874567342169835,0.6035903680727438,0.4059040622960309
1,N05,214.82797017900953,3.5804661696501587,0.0,0.0,3.049080508855537,0.6373760011065995,0.7484561993955556
1,N06,1321.906450860861,22.03177418101435,0.0,0.0,4.153459666835926,0.8682340481062252,4.605494700449669
1,N07,25.41658667988203,0.42360977799803384,0.0,0.0,2.9015924650975893,0.6065452836924634,0.08855086166005648
1,N08,50.53859838866074,0.8423099731443456,0.0,0.0,2.843773518565712,0.59445888294914,0.17607543022091673
1,N09,84.38924690510382,1.406487448418397,0.0,0.0,3.0776987153387783,0.6433583154319036,0.2940103886650165
1,N10,43.47667854794035,0.7246113091323392,0.0,0.0,2.8617163912684327,0.5982096387650032,0.15147184773574324
1,N11,47.871319349220656,0.797855322487011,0.0,0.0,2.687087441345609,0.5617054200485772,0.1667826852821489
1,N12,44.9497759637613,0.749162932729355,0.0,0.0,2.6798685948082084,0.5601964013377733,0.1566040886272158
2,N01,4456.454200985881,74.27423668309801,0.0,0.0,3.3987608508722107,0.6273727690990123,13.710183088825584
2,N02,103.59630106888109,1.7266050178146848,0.0,0.0,2.8979279679064827,0.5349246898052261,0.3187117360401113
2,N03,68.99729657101376,1.1499549428502294,0.0,0.0,2.8190612982301197,0.5203667955856963,0.21226866157702795
2,N04,221.42258862612792,3.690376477102132,0.0,0.0,3.2150094362190287,0.593454338560646,0.6812017117542327
2,N05,170.0286020845012,2.8338100347416866,0.0,0.0,3.0074464609531266,0.5551405635500916,0.5230892453466434
2,N06,2038.3375976198263,33.972293293663775,0.0,0.0,4.705435697431166,0.8685701503702905,6.270900675703646
2,N07,36.04960519387823,0.6008267532313039,0.0,0.0,3.097642960690455,0.5717898161118669,0.11090581552001776
2,N08,44.711097152741026,0.7451849525456837,0.0,0.0,2.92258632627145,0.5394763435542375,0.13755270455393376
2,N09,46.07241361715434,0.7678735602859057,0.0,0.0,2.874231839230239,0.5305506527614822,0.14174076464098914
2,N10,42.95147257641084,0.715857876273514,0.0,0.0,2.870494878714871,0.5298608521637325,0.132139258342875
2,N11,31.142225871798857,0.5190370978633143,0.0,0.0,3.0436250956985584,0.5618187298755152,0.0958083712386111
2,N12,35.54696214497685,0.5924493690829475,0.0,0.0,2.918766787807272,0.5387713000021627,0.10935944526286605
3,N01,3706.4442341902354,61.77407056983726,0.0,0.0,3.0730397133067324,0.6009147127875232,12.079553581247438
3,N02,241.73858495181034,4.0289764158635055,0.0,0.0,2.983192875210563,0.5833456958055295,0.7878424724817952
3,N03,700.0020649907103,11.666701083178506,0.0,0.0,3.390719610613588,0.6630351349291242,2.2813542891159933
3,N04,106.3413935080126,1.7723565584668768,0.0,0.0,2.9841636424207016,0.5835355235831329,0.34657382645477736
3,N05,100.95640994019496,1.6826068323365826,0.0,0.0,2.6165767982702604,0.5116560936100499,0.329023799142468
3,N06,958.0793791632173,15.967989652720288,0.0,0.0,4.449946725043954,0.8701607228245607,3.1224457902086336
3,N07,39.45304768898251,0.6575507948163751,0.0,0.0,2.4264131138067593,0.4744707115477271,0.12858016292445157
3,N08,80.01504182014335,1.3335840303357225,0.0,0.0,3.197105379395813,0.6251750188883155,0.2607744576476387
3,N09,75.68036182294402,1.2613393637157337,0.0,0.0,2.8813814798218753,0.5634370805170347,0.24664744103135597
3,N10,47.04052099644674,0.7840086832741123,0.0,0.0,3.061112574507322,0.5985824314457008,0.15330825393910644
3,N11,56.660991860926664,0.9443498643487778,0.0,0.0,2.959924082073101,0.5787956211401865,0.18466202211733032
3,N12,88.9441973690131,1.4824032894835517,0.0,0.0,3.073463977395659,0.6009976751169845,0.28987518224317
4,N01,3667.6228459719123,61.127047432865204,0.0,0.0,3.1172867239458197,0.6056957788446369,11.877121959592273
4,N02,121.11928650660359,2.01865477511006,0.0,0.0,2.7400715789019303,0.5324020329359681,0.3922291353042647
4,N03,224.05482736057783,3.734247122676297,0.0,0.0,2.884330273353838,0.5604318197438234,0.7255725634710899
4,N04,242.58798830116774,4.043133138352796,0.0,0.0,3.0883650709906183,0.6000762370239854,0.7855898068007559
4,N05,132.02311119474953,2.200385186579159,0.0,0.0,3.0348394501188714,0.5896760892374454,0.42753976049282705
4,N06,1718.8041658112081,28.64673609685347,0.0,0.0,4.5320880669133325,0.8805948424297934,5.566124860525345
4,N07,78.6894241912577,1.3114904031876284,0.0,0.0,3.2948185430483172,0.6401906081508363,0.2548255170446759
4,N08,27.704938215354275,0.4617489702559046,0.0,0.0,2.801138193476942,0.5442674126561878,0.08971885711425504
4,N09,107.34524514568777,1.789087419094796,0.0,0.0,3.2496621146406963,0.6314166131685667,0.3476236848556887
4,N10,63.94365161659985,1.0657275269433308,0.0,0.0,3.0696892861441336,0.5964474902804687,0.2070732408121367
4,N11,65.59209568309576,1.0932015947182627,0.0,0.0,3.1144665739837034,0.6051478174028351,0.21241151359633023
4,N12,33.96228200908275,0.5660380334847125,0.0,0.0,2.790943577779257,0.5422865760370862,0.1099824552273583
5,N01,3332.4014402715266,55.54002400452544,0.0,0.0,2.781109409098525,0.5001333808388028,9.987891841427198
5,N02,528.136895634282,8.8022815939047,0.0,0.0,3.0246527657438165,0.5439303497539243,1.5829347951045551
5,N03,128.56311096338067,2.1427185160563442,0.0,0.0,2.7236790521912275,0.4898055460298385,0.3853300600527354
5,N04,268.31072791976226,4.471845465329371,0.0,0.0,3.0185216732859588,0.5428277811210068,0.804182382702016
5,N05,267.36906703642296,4.456151117273716,0.0,0.0,2.982229623818488,0.5363012973593994,0.8013600315469495
5,N06,2618.4242724100673,43.640404540167786,0.0,0.0,4.890805179102537,0.8795248835756331,7.847955564941938
5,N07,31.729383421071653,0.5288230570178609,0.0,0.0,2.8178517897700788,0.5067408487094346,0.09509948170560595
5,N08,74.42251117093232,1.2403751861822054,0.0,0.0,2.9744271127438617,0.5348981536247378,0.2230595579391278
5,N09,18.851011625724453,0.31418352709540753,0.0,0.0,2.893204360684243,0.5202916769950475,0.05650035525248158
5,N10,45.566235130945216,0.7594372521824203,0.0,0.0,3.078597950793485,0.5536314379925243,0.13657136940615364
5,N11,51.265203044155776,0.8544200507359296,0.0,0.0,3.192000147083515,0.5740248190078588,0.15365234723704582
5,N12,34.56791714488472,0.5761319524147452,0.0,0.0,2.6883627276139888,0.48345452914721243,0.10360715052337552
6,N01,2644.4563739511113,44.07427289918519,0.0,0.0,2.5027337719578897,0.5002050705334276,8.808837372662188
6,N02,1069.0791518536446,17.81798586422741,0.0,0.0,3.0306240287364523,0.605711052066278,3.561164585639135
6,N03,194.93711610154926,3.248951935025821,0.0,0.0,2.9509906635759746,0.5897952509198583,0.6493468262698823
6,N04,210.3228564628164,3.5053809410469396,0.0,0.0,2.9776956279866607,0.5951325979266834,0.7005976186956652
6,N05,526.954097502825,8.78256829171375,0.0,0.0,3.383260459804909,0.6761901948547111,1.7553146247691416
6,N06,1649.8277230439853,27.497128717399754,0.0,0.0,4.364977555819763,0.8723995858646967,5.495671718527921
6,N07,46.436223858030736,0.7739370643005122,0.0,0.0,2.930382881856752,0.5856765080380145,0.1546817516806919
6,N08,79.50151606708606,1.3250252677847676,0.0,0.0,3.308911895150286,0.661330632306022,0.26482415547234056
6,N09,49.504524161453524,0.8250754026908921,0.0,0.0,2.796050486395958,0.5588283685757717,0.16490243773533014
6,N10,51.043721789633395,0.8507286964938899,0.0,0.0,2.749671547703293,0.5495589126871889,0.17002959419916164
6,N11,31.815791253702137,0.5302631875617023,0.0,0.0,2.8492422114297105,0.5694594516220073,0.10598024372687624
6,N12,51.62760523187218,0.8604600871978697,0.0,0.0,2.9929895564748383,0.59818929563216,0.17197454376911311
7,N01,3073.0283556861223,51.21713926143537,0.0,0.0,2.7822404388085817,0.5765551468595252,10.613570573090666
7,N02,1461.7682955157597,24.36280492526266,0.0,0.0,3.417681737707611,0.7082356969288154,5.048629290144962
7,N03,172.86622894359846,2.881103815726641,0.0,0.0,2.8120812889922493,0.5827389746553088,0.5970423010259814
7,N04,109.69057534056759,1.8281762556761265,0.0,0.0,2.835252260442404,0.587540623952392,0.3788473544104663
7,N05,133.41658982793663,2.2236098304656107,0.0,0.0,3.080658793409214,0.6383954665753954,0.4607918404461765
7,N06,1140.3631842714071,19.00605307119012,0.0,0.0,4.0699218110754805,0.8433974054723494,3.9385660444114703
7,N07,123.727388441493,2.06212314069155,0.0,0.0,3.432508722739612,0.711308247529895,0.4273274493605476
7,N08,36.29763134809524,0.6049605224682539,0.0,0.0,2.7971340155871633,0.5796414970638648,0.12536411232138525
7,N09,79.63654534691129,1.3272757557818549,0.0,0.0,3.0366992753979094,0.6292858705788197,0.2750472811852275
7,N10,53.3231336689909,0.8887188944831816,0.0,0.0,2.952010388665642,0.6117360525091055,0.1841664888405565
7,N11,72.62884546688375,1.2104807577813959,0.0,0.0,3.0385115988053912,0.6296614327961545,0.25084421221774145
7,N12,65.29997525633696,1.0883329209389494,0.0,0.0,2.7976136529288396,0.5797408908380736,0.22553189088600653
8,N01,3512.614239212258,58.54357065353763,0.0,0.0,2.954775652659427,0.5429863525294832,10.758298981042971
8,N02,434.58893181438896,7.24314886357315,0.0,0.0,3.14387822896376,0.5777369157639547,1.3310421651538407
8,N03,155.8149053383294,2.5969150889721564,0.0,0.0,3.0085734010902097,0.5528725322698766,0.47722386324681804
8,N04,111.15348639924778,1.8525581066541297,0.0,0.0,2.94892197225503,0.5419106469784388,0.3404365973693079
8,N05,175.5620551733568,2.92603425288928,0.0,0.0,3.0702108848407685,0.5641993862903125,0.5377046697006237
8,N06,2710.686622674962,45.178110377916035,0.0,0.0,4.843868278886494,0.8901367406755872,8.302186105466236
8,N07,30.185166181267032,0.5030861030211172,0.0,0.0,3.074484162784025,0.5649846681108341,0.09244995904912252
8,N08,38.868101965275045,0.6478016994212508,0.0,0.0,2.8916894485840663,0.5313932734356509,0.11904371880638638
8,N09,47.911968078830434,0.7985328013138405,0.0,0.0,3.1317991771687814,0.5755172006156094,0.14674292201179495
8,N10,68.29247685388472,1.1382079475647453,0.0,0.0,3.023529648682857,0.5556209772560637,0.20916355572105627
8,N11,35.295445686945236,0.5882574281157539,0.0,0.0,2.9218558007979545,0.5369368136171182,0.10810152539109351
8,N12,31.323493131540424,0.522058218859007,0.0,0.0,2.940111718592449,0.540291624736666,0.09593638278803168
9,N01,3180.8646080618187,53.014410134363644,0.0,0.0,2.7171921636044227,0.5444332816941215,10.622292259316126
9,N02,402.68561414731005,6.711426902455168,0.0,0.0,2.8447176715988576,0.5699850743671214,1.344742643636532
9,N03,353.35082467491634,5.8891804112486055,0.0,0.0,2.9137684594397717,0.5838205135868211,1.1799922952565944
9,N04,214.5346812719647,3.5755780211994117,0.0,0.0,2.986510471176998,0.5983955490582159,0.7164247351032661
9,N05,1146.531398543117,19.10885664238528,0.0,0.0,3.7378929308553737,0.748947145595815,3.82876767811513
9,N06,669.831054976069,11.163850916267817,0.0,0.0,4.090106828375214,0.8195188816156309,2.236857617984969
9,N07,57.322541917451815,0.9553756986241969,0.0,0.0,3.038724640757246,0.6088575002136316,0.19142493262707236
9,N08,214.58569402938488,3.5764282338230813,0.0,0.0,3.2865743133235985,0.6585181802382327,0.7165950889174137
9,N09,82.29411154682886,1.371568525780481,0.0,0.0,3.1178792898963796,0.624717411032379,0.2748158792598912
9,N10,70.50455610753347,1.175075935125558,0.0,0.0,2.916496802034664,0.5843671810372942,0.23544541905035946
9,N11,80.98018560311543,1.3496697600519239,0.0,0.0,3.0314299840032484,0.6073958980610099,0.27042810829163044
9,N12,85.20395407984095,1.4200659013306827,0.0,0.0,2.9678772115390344,0.5946620749119126,0.2845331107748399
10,N01,3523.4982136484523,58.7249702274742,0.0,0.0,3.0628227861640482,0.6111473438381354,11.717821133374626
10,N02,421.27724679931197,7.021287446655199,0.0,0.0,2.963440980613671,0.5913169681590973,1.4010086358021288
10,N03,591.026165090159,9.850436084835984,0.0,0.0,3.263695746826751,0.6512289890813668,1.9655292745273414
10,N04,142.22898383706232,2.370483063951039,0.0,0.0,3.021053196042746,0.6028127532208921,0.4729997552229805
10,N05,411.21359981947984,6.853559996991331,0.0,0.0,3.1371951670244527,0.62598740680981,1.3675407558405854
10,N06,1213.19562851243,20.219927141873832,0.0,0.0,4.294286331515422,0.856870236515699,4.034629369083889
10,N07,47.358466656136464,0.7893077776022744,0.0,0.0,3.060638564829019,0.6107115102426404,0.1574963311398633
10,N08,51.31267893469596,0.855211315578266,0.0,0.0,2.9927290557508908,0.5971610311610775,0.17064654419349104
10,N09,73.69064035748279,1.22817733929138,0.0,0.0,3.0794996346602113,0.6144749969129598,0.24506717204170372
10,N10,66.62315177012594,1.1103858628354324,0.0,0.0,2.9943464022563213,0.5974837520920192,0.2215633806085128
10,N11,24.45827399965907,0.4076378999943178,0.0,0.0,2.693604929261571,0.5374746150198407,0.08133895991458752
10,N12,108.08057958173073,1.8013429930288456,0.0,0.0,3.160279383071872,0.6305935686111707,0.35943509056552087
11,N01,3665.1634075070924,61.08605679178488,0.0,0.0,2.9366513731003248,0.5974705764038523,12.428142440038732
11,N02,255.43738858196699,4.25728980969945,0.0,0.0,2.8880594421087946,0.5875844015299735,0.8661584482988882
11,N03,261.81152594913976,4.3635254324856625,0.0,0.0,2.9140579705624967,0.5928738805342472,0.8877724060747786
11,N04,545.2113802235244,9.086856337058741,0.0,0.0,3.012486957753291,0.6128995547598006,1.848748320325733
11,N05,131.91371531175523,2.198561921862587,0.0,0.0,3.2507629104825257,0.6613775157885948,0.44730405207343804
11,N06,877.1639439092291,14.61939906515382,0.0,0.0,4.0358221824208185,0.8211001917632266,2.974360819995431
11,N07,60.325769549702535,1.0054294924950422,0.0,0.0,3.1532596600003964,0.6415401854876867,0.20455766180384236
11,N08,92.18302486155125,1.5363837476925208,0.0,0.0,3.076164049149488,0.6258548510025551,0.3125819059489706
11,N09,30.224103768940463,0.5037350628156744,0.0,0.0,2.7077984912626953,0.5509097675602552,0.10248641738415497
11,N10,62.765792896733466,1.046096548278891,0.0,0.0,2.9285367030978313,0.5958196223246153,0.212831496921755
11,N11,65.8179461851508,1.0969657697525135,0.0,0.0,3.295406956620957,0.6704604815855082,0.22318099341066694
11,N12,201.74187307592717,3.3623645512654528,0.0,0.0,3.6563273879898235,0.7438908315893037,0.6840832061054527
12,N01,3566.4919088952142,59.44153181492024,0.0,0.0,3.067842504770497,0.5713057849368833,11.069437540736532
12,N02,166.31392833747708,2.771898805624618,0.0,0.0,2.9073503974830515,0.541418308905291,0.516193976858486
12,N03,619.8194912778705,10.330324854631176,0.0,0.0,3.07100629600282,0.5718949586739798,1.9237540194944154
12,N04,134.4558065773383,2.240930109622305,0.0,0.0,2.8177556068493486,0.524733612050857,0.41731488278021694
12,N05,589.0459690964515,9.817432818274192,0.0,0.0,3.4786999043800537,0.6478172775627489,1.8282412325885817
12,N06,1325.5535091856818,22.09255848642803,0.0,0.0,4.647983240579973,0.8655658527137037,4.114163764184818
12,N07,57.48221447931616,0.9580369079886027,0.0,0.0,2.976706828659873,0.554334138284498,0.1784094284063904
12,N08,71.37941080065752,1.1896568466776254,0.0,0.0,2.9054046188189253,0.5410559582939758,0.22154261098470013
12,N09,112.71332524549628,1.8785554207582713,0.0,0.0,2.9163481206749475,0.5430939005638581,0.3498320326206018
12,N10,79.57512726325494,1.326252121054249,0.0,0.0,2.8868408032565287,0.537598931016726,0.2469799241209049
12,N11,48.75183527846538,0.812530587974423,0.0,0.0,3.073447993671389,0.5723496612869565,0.1513126650491733
12,N12,63.11844717409848,1.0519741195683079,0.0,0.0,3.0138356861459275,0.5612484212168505,0.195902788092513
13,N01,3088.952425591165,51.48254042651942,0.0,0.0,2.783813774503363,0.5363961991212617,9.919858597875601
13,N02,97.61089551503036,1.6268482585838393,0.0,0.0,2.477845705651233,0.4774410668893887,0.3134675280522651
13,N03,708.8859869872775,11.814766449787959,0.0,0.0,3.143661164214079,0.6057330110417971,2.276515719267991
13,N04,654.7918550386885,10.91319758397814,0.0,0.0,3.203588680934936,0.6172800809235022,2.1027978803465537
13,N05,219.64359605603045,3.660726600933841,0.0,0.0,3.126797200216414,0.602483596058182,0.7053632152938526
13,N06,1620.6069657981236,27.010116096635393,0.0,0.0,4.4640429501408105,0.86014937245462,5.204415519728484
13,N07,42.72510287839056,0.712085047973176,0.0,0.0,3.0353758584360526,0.5848681719595279,0.13720735082289587
13,N08,37.593003630156176,0.626550060502603,0.0,0.0,3.0473610481543276,0.5871775255051964,0.12072613264971355
13,N09,80.69405802835206,1.344900967139201,0.0,0.0,3.0242939137647413,0.5827328592259655,0.2591408137912081
13,N10,49.326491763060524,0.8221081960510087,0.0,0.0,3.1985112244345593,0.61630173661292,0.15840704420211044
13,N11,50.44031583776211,0.8406719306293684,0.0,0.0,2.9919866424328276,0.5765077669783674,0.16198397767392808
13,N12,27.82134942784296,0.463689157130716,0.0,0.0,2.676937199113518,0.5158027997569535,0.08934545253589378
14,N01,3475.7898626110655,57.92983104351776,0.0,0.0,3.0864530025415595,0.584164120433516,10.96421321514779
14,N02,499.4294270905665,8.323823784842775,0.0,0.0,2.9696038062115804,0.5620484076910064,1.5754262889835744
14,N03,139.44182977804067,2.324030496300678,0.0,0.0,2.7970935159618135,0.5293978791112735,0.4398625961951198
14,N04,427.63883161558783,7.127313860259798,0.0,0.0,3.071671564980472,0.5813664800791982,1.3489662822676367
14,N05,146.6179163085959,2.4436319384765985,0.0,0.0,2.845631112047051,0.5385844509144864,0.46249921862667615
14,N06,1809.508985792274,30.1584830965379,0.0,0.0,4.347478306420786,0.8228347682219062,5.708009724169095
14,N07,91.55346960276205,1.525891160046034,0.0,0.0,3.0960733670126688,0.5859849392649991,0.28880104983019794
14,N08,28.0386991852767,0.467311653087945,0.0,0.0,2.79326855756661,0.5286739401901919,0.08844673823630526
14,N09,81.12326977556202,1.352054496259367,0.0,0.0,3.129310963482514,0.5922757239589966,0.2558994823297649
14,N10,58.217640777927514,0.9702940129654586,0.0,0.0,2.9628134109275197,0.5607632090227478,0.18364476898858642
14,N11,40.58016134223246,0.6763360223705409,0.0,0.0,2.737238606186267,0.5180693117577879,0.12800818198114453
14,N12,40.55230683438359,0.6758717805730599,0.0,0.0,2.6141216887064522,0.49476732538350704,0.1279203162656871
15,N01,3340.2311417656147,55.67051902942691,0.0,0.0,2.8752641709117985,0.563357688886688,10.907663809407376
15,N02,585.049587234681,9.75082645391135,0.0,0.0,3.116490926239286,0.6106218494301807,1.9105037760995307
15,N03,501.79297513450433,8.363216252241738,0.0,0.0,3.120212940006008,0.6113511128818101,1.6386258442570854
15,N04,62.09404837208994,1.034900806201499,0.0,0.0,2.841274734046076,0.5566980536458812,0.20277069923065907
15,N05,144.32283219932958,2.405380536655493,0.0,0.0,3.0389315648161537,0.5954254500715065,0.4712922150709847
15,N06,1516.4606546780224,25.274344244633706,0.0,0.0,4.374343519152802,0.8570760489687121,4.9520653809239805
15,N07,36.967647787603546,0.6161274631267257,0.0,0.0,2.8946167364891653,0.5671494853859419,0.12071939239468857
15,N08,87.95863069861015,1.4659771783101692,0.0,0.0,3.080120355025677,0.6034956725906141,0.28723256926738205
15,N09,50.17069150865435,0.8361781918109058,0.0,0.0,3.0248509822345686,0.5926666063653908,0.16383448115887647
15,N10,56.79141096877013,0.9465235161461688,0.0,0.0,2.8265579681043507,0.553814560945387,0.18545471610141132
15,N11,54.65884055223871,0.9109806758706451,0.0,0.0,2.9355586343024416,0.5751713336613329,0.17849071865148727
15,N12,80.43895434168621,1.3406492390281035,0.0,0.0,3.123788092220943,0.6120516013828667,0.26267675316493133
16,N01,3537.761471710013,58.96269119516689,0.0,0.0,3.0887243236487216,0.6211394879653964,11.857340435861111
16,N02,172.12460255086725,2.8687433758477874,0.0,0.0,2.984012333577836,0.6000820075685591,0.5769015311386756
16,N03,299.97170317160646,4.999528386193441,0.0,0.0,3.113996529050818,0.6262217041421613,1.0054003454086937
16,N04,864.9757113863446,14.416261856439077,0.0,0.0,3.2924496042766287,0.6621084457729811,2.8990963807691483
16,N05,267.1973283238372,4.453288805397287,0.0,0.0,2.9730160444155036,0.5978706644041611,0.8955520915763964
16,N06,885.2131577362899,14.753552628938165,0.0,0.0,4.187723809310461,0.8421472265232266,2.9669252304082923
16,N07,50.25930449687776,0.8376550749479627,0.0,0.0,2.708794078780024,0.5447358814818191,0.16845162916001524
16,N08,37.21905733254259,0.6203176222090432,0.0,0.0,2.8629591497603704,0.5757383288409806,0.12474527664536812
16,N09,110.95175025017451,1.8491958375029085,0.0,0.0,3.0839813024866123,0.6201856709758111,0.3718715026977362
16,N10,71.44295551192337,1.190715925198723,0.0,0.0,2.9685189822493343,0.5969663095318741,0.23945182625313902
16,N11,107.53997481485857,1.792332913580976,0.0,0.0,3.1177238899838278,0.6269712728374526,0.3604364234390729
16,N12,76.33766654978172,1.272294442496362,0.0,0.0,2.8446924972973116,0.5720649226159982,0.2558571875459115
17,N01,3304.9042814605014,55.08173802434169,0.0,0.0,2.8175893487996313,0.560631952277231,10.95993010357085
17,N02,338.3751233819942,5.639585389699903,0.0,0.0,2.8847890465878274,0.5740030625064368,1.1221407294177157
17,N03,435.3072347201501,7.255120578669168,0.0,0.0,2.889388099473481,0.5749181625010505,1.4435930543813469
17,N04,353.3131655613936,5.88855275935656,0.0,0.0,3.125652503111559,0.6219290492797296,1.1716791983799877
17,N05,262.68050470405035,4.378008411734172,0.0,0.0,2.9690996396830527,0.5907788259528612,0.8711175047571537
17,N06,1199.105801736237,19.98509669560395,0.0,0.0,4.470460239411846,0.889513176455946,3.97654959253697
17,N07,16.76266043556658,0.2793776739261097,0.0,0.0,2.6174309751123244,0.5208052898671259,0.055589382044830014
17,N08,227.1769696582651,3.7862828276377516,0.0,0.0,3.388986884475656,0.6743262051636295,0.7533784632017576
17,N09,53.78284749639296,0.8963807916065494,0.0,0.0,2.793427224458537,0.5558242754785222,0.1783580397889724
17,N10,46.63637394629229,0.7772728991048715,0.0,0.0,2.9618663148515214,0.5893395697236011,0.15465845761483818
17,N11,51.72248117259286,0.8620413528765476,0.0,0.0,2.824898928774475,0.5620863814307799,0.17152532423249608
17,N12,73.18536144735673,1.2197560241226122,0.0,0.0,2.8527664298425437,0.567631338340677,0.24270186902754476
18,N01,3147.7486532242706,52.46247755373784,0.0,0.0,2.829857991138262,0.5423684162543314,10.054918286607757
18,N02,518.1448988074847,8.635748313458077,0.0,0.0,3.0374624705277444,0.5821577318476866,1.65512091087557
18,N03,557.6631377320437,9.294385628867394,0.0,0.0,3.2662124986074104,0.6259997871155548,1.7813548345435446
18,N04,172.4489526334959,2.874149210558265,0.0,0.0,2.89798330293488,0.5554252613616373,0.5508572374623305
18,N05,115.90602651775785,1.9317671086292976,0.0,0.0,2.866751203116626,0.549439341019426,0.37024100522374614
18,N06,1436.2873694324694,23.93812282387449,0.0,0.0,4.695205831743715,0.899879555414242,4.587962295190709
18,N07,61.65745701652378,1.0276242836087297,0.0,0.0,3.070342958344179,0.5884595809717468,0.1969536835243007
18,N08,77.435717911012,1.2905952985168667,0.0,0.0,3.4168081676736297,0.6548628377640269,0.24735450693069047
18,N09,60.51214215156751,1.0085357025261252,0.0,0.0,2.8230795075351534,0.5410692572760587,0.19329518068679602
18,N10,98.14473036876963,1.6357455061461605,0.0,0.0,3.351598490768512,0.6423648010080343,0.31350573150378513
18,N11,42.92193842659441,0.7153656404432401,0.0,0.0,3.0985055136836284,0.5938571947689637,0.13710643101702166
18,N12,38.08512039429633,0.6347520065716056,0.0,0.0,2.620829306274445,0.5023061385300301,0.12165608366094163
19,N01,3212.825039847275,53.547083997454585,0.0,0.0,2.8156148777110266,0.5492979564743341,10.44649396044997
19,N02,566.3380368599869,9.438967280999782,0.0,0.0,3.093749225119327,0.6035591517344275,1.8414469534613005
19,N03,311.46696833616045,5.191116138936008,0.0,0.0,2.8487572912033086,0.5557637058025015,1.0127342022203711
19,N04,401.8989990686953,6.698316651144921,0.0,0.0,3.2960646074906474,0.6430288345307603,1.3067737627821745
19,N05,122.82441683400634,2.0470736139001056,0.0,0.0,2.860952899116626,0.5581429454342346,0.399363336857344
19,N06,1712.5065431436046,28.541775719060077,0.0,0.0,4.442716728031786,0.8667290541830494,5.568211476909782
19,N07,27.013481122662746,0.45022468537771243,0.0,0.0,2.8804984022189357,0.5619560752046987,0.08783427790143224
19,N08,46.06977691770847,0.7678296152951412,0.0,0.0,2.8481798147348454,0.5556510459900569,0.14979578419651401
19,N09,45.869889035624645,0.764498150593744,0.0,0.0,3.1814237833961414,0.6206635704095397,0.14914584916206375
19,N10,80.85044693133409,1.3475074488555683,0.0,0.0,3.598916622340769,0.7021121964593445,0.26288506068416706
19,N11,52.09867258842479,0.8683112098070799,0.0,0.0,2.867526276120746,0.5594253447368103,0.16939872597865194
19,N12,77.7109381991759,1.2951823033195984,0.0,0.0,3.066991258457085,0.5983389433446612,0.252676954546265
20,N01,4433.241308759208,73.88735514598679,0.0,0.0,3.296368126611514,0.5802016763827293,13.005090958471069
20,N02,94.81657681467385,1.5802762802445642,0.0,0.0,2.834791052229244,0.49895838617663196,0.2781482260867087
20,N03,144.53272543589395,2.4088787572648993,0.0,0.0,2.881404254151105,0.5071628878760314,0.42399253951182114
20,N04,200.1532602717225,3.335887671195375,0.0,0.0,3.096002684695344,0.5449348733972177,0.5871576064053291
20,N05,84.46011530556633,1.4076685884261055,0.0,0.0,2.824803800516554,0.49720050599954274,0.2477671314082545
20,N06,2049.080609330151,34.151343488835856,0.0,0.0,4.678990576877311,0.8235603768180565,6.0110600460493355
20,N07,63.57550400622608,1.0595917334371014,0.0,0.0,3.3231549144870955,0.5849164832954805,0.1865012876014686
20,N08,53.301309544302384,0.8883551590717064,0.0,0.0,3.0689751742223503,0.5401776963215486,0.1563615266012413
20,N09,62.64063506445713,1.0440105844076188,0.0,0.0,2.8362112934657113,0.4992083662500387,0.18375881211340236
20,N10,60.847090292775945,1.0141181715462657,0.0,0.0,3.170817817350011,0.5581032647047913,0.1784973766829154
20,N11,30.501834362742557,0.5083639060457092,0.0,0.0,3.0145566736002167,0.5305993652388328,0.0894783528936099
20,N12,46.398078581834255,0.7733013096972375,0.0,0.0,2.9043328283163885,0.511198601320888,0.1361106220549785
21,N01,3388.2441745170186,56.47073624195031,0.0,0.0,2.811351584612202,0.5553958726175822,11.156062444883291
21,N02,940.6802462585022,15.67800410430837,0.0,0.0,3.5003864682143093,0.6915179900136299,3.097264254700287
21,N03,126.64121178524812,2.1106868630874684,0.0,0.0,2.9942542976410906,0.5915291732203296,0.4169762254437609
21,N04,228.47950368358414,3.8079917280597355,0.0,0.0,3.2496392193659718,0.6419816787806858,0.7522868716607024
21,N05,79.71488552625274,1.3285814254375456,0.0,0.0,2.717257910365083,0.5368072198847431,0.26246757757485584
21,N06,1527.1100496609868,25.451834161016446,0.0,0.0,4.191559043675307,0.828062418600442,5.028130853838268
21,N07,83.31518586383021,1.3885864310638367,0.0,0.0,2.960533590717821,0.5848674872364634,0.274321851740936
21,N08,65.08233591615775,1.084705598602629,0.0,0.0,3.0602979794752088,0.6045764165832396,0.2142887484320766
21,N09,102.18564521725841,1.7030940869543068,0.0,0.0,3.172852262641389,0.6268120503823291,0.33645433454539203
21,N10,38.172511116115544,0.6362085186019257,0.0,0.0,2.9179720574218413,0.5764592539673671,0.12568601781779515
21,N11,34.74744631496433,0.5791241052494055,0.0,0.0,2.673580271239357,0.5281784946022543,0.11440872054188042
21,N12,38.957505888023775,0.6492917648003963,0.0,0.0,2.9902850304870543,0.5907450256214543,0.12827067531095337
22,N01,3542.2867098594047,59.038111830990076,0.0,0.0,3.3266103561323477,0.6021202105648922,10.685964546914654
22,N02,267.8816484952382,4.464694141587303,0.0,0.0,3.062172694858222,0.5542566968852247,0.8081146539103228
22,N03,318.11516781783797,5.301919463630633,0.0,0.0,3.1987638854549374,0.5789798557883383,0.9596533774851175
22,N04,303.46369492697045,5.0577282487828406,0.0,0.0,3.1082985556463543,0.5626055294916762,0.9154544933473324
22,N05,146.53455731303643,2.4422426218839406,0.0,0.0,2.9259597491430154,0.5296020007304696,0.4420486574354933
22,N06,2339.333101221403,38.98888502035672,0.0,0.0,4.765872960497217,0.8626283583859388,7.057031976970607
22,N07,29.532123843011576,0.4922020640501929,0.0,0.0,2.883165773869488,0.5218562431441911,0.08908912638357276
22,N08,55.90133410541002,0.9316889017568337,0.0,0.0,2.9795032397660957,0.539293432667762,0.16863673759466863
22,N09,79.9457805669015,1.3324296761150252,0.0,0.0,3.055401078506606,0.5530310267204025,0.2411712678241213
22,N10,86.30126218369482,1.438354369728247,0.0,0.0,3.065427691430659,0.5548458549205115,0.2603437563317827
22,N11,69.3651334720358,1.1560855578672633,0.0,0.0,2.9972777536884916,0.5425106396502126,0.20925278436978847
22,N12,54.51581170856343,0.9085968618093906,0.0,0.0,2.89675627232612,0.5243161386282847,0.16445705242958877
23,N01,3995.5972883296495,66.59328813882749,0.0,0.0,3.0537733036209724,0.5682143102070017,12.390985028047943
23,N02,461.78133277491696,7.696355546248616,0.0,0.0,3.0135147749776663,0.5607234227675574,1.4320576293708667
23,N03,272.3785400175391,4.539642333625651,0.0,0.0,3.1830661586868625,0.5922717771999993,0.8446893337265757
23,N04,162.45484717877207,2.707580786312868,0.0,0.0,2.9083021334995314,0.5411465509573062,0.5037984145713297
23,N05,89.89917809947471,1.498319634991245,0.0,0.0,2.8782662778945953,0.5355577919771294,0.2787917023364701
23,N06,2192.8337226765,36.547228711275004,0.0,0.0,4.754145018439132,0.8846017577903791,6.800327426901944
23,N07,18.708423490683806,0.3118070581780634,0.0,0.0,2.952238145019278,0.5493217060840269,0.058017807762692115
23,N08,43.9066421080648,0.7317773684677467,0.0,0.0,3.029055836801384,0.5636151415842676,0.13616150621133488
23,N09,69.37374193735471,1.1562290322892452,0.0,0.0,2.962294867995703,0.5511929562852833,0.2151390482209436
23,N10,39.10590051617256,0.651765008602876,0.0,0.0,2.6283369370156193,0.48905354496585085,0.12127364016877588
23,N11,96.7028019711536,1.6117133661858933,0.0,0.0,3.2855697584806314,0.6113445787669948,0.29989082605864226
23,N12,66.69386960697534,1.111564493449589,0.0,0.0,3.1943747393513906,0.5943759600331179,0.20682833632317563
24,N01,3974.7061516794065,66.24510252799011,0.0,0.0,3.1540796308974715,0.5522073692431234,11.598005780790489
24,N02,217.0043833378239,3.6167397222970648,0.0,0.0,2.9660304043951666,0.5192842408484561,0.6332085936329009
24,N03,187.45920750227063,3.1243201250378436,0.0,0.0,3.013687011977519,0.5276278253421092,0.5469971588604374
24,N04,158.8108034028908,2.6468467233815134,0.0,0.0,2.885593460529716,0.5052015674984309,0.46340246187519246
24,N05,236.85540290251055,3.947590048375176,0.0,0.0,3.1342323204697644,0.5487325580904585,0.6911329359313982
24,N06,1897.0934689533656,31.618224482556094,0.0,0.0,4.783302644578915,0.8374471410872442,5.535629598762777
24,N07,56.860716363586334,0.9476786060597723,0.0,0.0,3.0823404563020462,0.5396474768146178,0.16591689848723049
24,N08,138.99408274543111,2.3165680457571853,0.0,0.0,3.0441876527040463,0.5329677915277545,0.4055782021762919
24,N09,25.94878237610459,0.4324797062684098,0.0,0.0,2.8460117541553243,0.49827171394209024,0.07571732765084413
24,N10,69.91226666783763,1.1652044444639604,0.0,0.0,2.875388093339138,0.5034148405834653,0.20400070898804604
24,N11,59.4023825080365,0.9900397084672751,0.0,0.0,2.943315311381251,0.5153073464059535,0.17333336086488757
24,N12,173.6343094937381,2.8939051582289683,0.0,0.0,3.3925314743114905,0.5939548457027972,0.5066567560978203
25,N01,2910.173627809037,48.50289379681728,0.0,0.0,2.6766732103449242,0.49034690355721816,8.885374462192633
25,N02,606.8867390601615,10.114778984336025,0.0,0.0,2.8626143344728865,0.5244099539541494,1.8529533362407231
25,N03,562.4325874293916,9.373876457156525,0.0,0.0,3.055341321947464,0.5597161247540924,1.7172254264472937
25,N04,704.6872737048534,11.74478789508089,0.0,0.0,3.143588562756826,0.5758823721357675,2.1515590155090645
25,N05,361.286880511556,6.021448008525933,0.0,0.0,2.9947347913463633,0.5486134527877354,1.1030851186839459
25,N06,1352.4795018138752,22.541325030231253,0.0,0.0,4.5427530241744,0.8321990411156914,4.129405445510616
25,N07,21.774721604422506,0.3629120267403751,0.0,0.0,2.7668740372513607,0.5068710335858413,0.06648282199263532
25,N08,38.06451498034859,0.6344085830058098,0.0,0.0,2.59543491844762,0.47546464421821305,0.11621900016212085
25,N09,66.65266150675934,1.1108776917793224,0.0,0.0,2.999860829504803,0.5495525053881023,0.20350464684651842
25,N10,98.9432033647087,1.6490533894118116,0.0,0.0,3.3303114379713676,0.6100886335990237,0.3020944881031695
25,N11,30.43058747499024,0.507176457916504,0.0,0.0,2.7836471845211714,0.5099437511648397,0.09291100786428398
25,N12,50.933852579955044,0.8488975429992507,0.0,0.0,3.018343621814131,0.5529384174011726,0.1555118047426392
26,N01,3282.0432105125315,54.70072017520886,0.0,0.0,2.7860773088825517,0.5071445653647128,9.957072214022512
26,N02,1264.1160605713194,21.06860100952199,0.0,0.0,3.379106738807581,0.6150926296660724,3.835078972055546
26,N03,331.52165975029936,5.525360995838323,0.0,0.0,3.1799222110997163,0.5788354337836307,1.0057713731717877
26,N04,322.0801358849899,5.3680022647498316,0.0,0.0,3.241007297833574,0.5899546405849426,0.9771276506771582
26,N05,170.89183039316183,2.8481971732193636,0.0,0.0,3.2810907155303606,0.5972509519189316,0.5184521308436633
26,N06,1708.9918589525746,28.483197649209576,0.0,0.0,4.9231782266670665,0.8961571432407582,5.18474445987261
26,N07,58.30460572176164,0.9717434286960274,0.0,0.0,3.2131840877022326,0.5848900324478592,0.17688468199388266
26,N08,19.497206998450245,0.32495344997417075,0.0,0.0,3.085227808436185,0.561598384571766,0.059150683157824
26,N09,67.50499668096849,1.1250832780161415,0.0,0.0,2.966276797142019,0.5399459491816411,0.20479685477839532
26,N10,78.20866479921581,1.303477746653597,0.0,0.0,3.1037218239907762,0.5649648164544633,0.23726967416936115
26,N11,119.52915881143454,1.9921526468572424,0.0,0.0,3.2481295050172787,0.5912510829539687,0.36262790878398
26,N12,117.62589519275228,1.9604315865458715,0.0,0.0,3.2540685863913965,0.5923321630921758,0.3568537820958119
27,N01,3781.144944917526,63.019082415292104,0.0,0.0,3.2762019298872627,0.6330561937163662,12.177094482908025
27,N02,206.57101638909324,3.4428502731515542,0.0,0.0,2.9046217226173856,0.5612562385522164,0.6652574340958508
27,N03,97.08672852052085,1.6181121420086808,0.0,0.0,2.8717138794950086,0.5548974992692612,0.31266568286940144
27,N04,328.52281402815004,5.4753802338025,0.0,0.0,3.1448097977319085,0.6076674646799334,1.058000527482784
27,N05,50.51978094462145,0.8419963490770243,0.0,0.0,2.655722935071289,0.5131618529079309,0.16269784808048138
27,N06,1291.7507388443494,21.529178980739157,0.0,0.0,4.389034793149691,0.8480874255316899,4.16005496335634
27,N07,48.211877575453954,0.8035312929242325,0.0,0.0,2.72886007807053,0.5272940469415209,0.15526529582628915
27,N08,71.14769796655929,1.1857949661093214,0.0,0.0,3.0143357205935355,0.5824561302080328,0.22912960307029248
27,N09,54.79136258766662,0.9131893764611103,0.0,0.0,3.315428812813484,0.640635952756886,0.1764543832084811
27,N10,35.48476642812967,0.5914127738021612,0.0,0.0,2.8973005783346113,0.5598415834630349,0.11427791311731442
27,N11,77.97937706655503,1.2996562844425839,0.0,0.0,3.0850773797164135,0.5961254480400539,0.2511308759887975
27,N12,72.84408260504614,1.2140680434174356,0.0,0.0,3.2326830230885557,0.6246470925430345,0.23459277264541667
28,N01,3701.283705134248,61.688061752237466,0.0,0.0,3.1204663180409584,0.5580654265761015,11.032317284561515
28,N02,196.4422864971571,3.2740381082859518,0.0,0.0,2.9754078365426055,0.5321231105549877,0.5855302660898741
28,N03,554.4252122659832,9.240420204433054,0.0,0.0,3.1814892087443694,0.5689787844080443,1.6525603924373693
28,N04,55.20051915367347,0.9200086525612244,0.0,0.0,2.3908012925560316,0.4275718457447115,0.16453471014153245
28,N05,255.1248648062086,4.252081080103476,0.0,0.0,3.160634778261494,0.5652491698385352,0.7604438567674905
28,N06,2681.582481865311,44.69304136442185,0.0,0.0,4.770576474129288,0.8531717774541705,7.992921138042565
28,N07,33.230279041788634,0.5538379840298105,0.0,0.0,2.9875512865214717,0.5342948499368171,0.09904860341696771
28,N08,62.10397824040384,1.0350663040067307,0.0,0.0,3.044515176001541,0.5444822943896982,0.18511166588803507
28,N09,46.94887567790906,0.7824812612984843,0.0,0.0,3.154372775859907,0.5641292708602134,0.13993925726732132
28,N10,59.95796154297223,0.9992993590495372,0.0,0.0,3.0205656642719823,0.5401991542697829,0.17871509135061425
28,N11,65.87243151423789,1.0978738585706316,0.0,0.0,2.9081887423932473,0.5201016212558911,0.19634419370839948
28,N12,79.27239516314279,1.3212065860523798,0.0,0.0,3.0316669294794525,0.5421845089162098,0.23628510674115158
29,N01,3862.436746692774,64.3739457782129,0.0,0.0,3.182057156409372,0.6658468362162435,13.470275995779351
29,N02,344.9367821370869,5.748946368951448,0.0,0.0,3.2056333033037014,0.6707801551505497,1.2029695141185328
29,N03,273.36969790385683,4.556161631730947,0.0,0.0,2.9731217402351495,0.6221270100173604,0.9533787919765456
29,N04,72.61521000210557,1.210253500035093,0.0,0.0,2.700795140030417,0.5651425511434485,0.2532460683161689
29,N05,150.57529196941223,2.509588199490204,0.0,0.0,2.9279329271108328,0.6126712313269658,0.5251324161385355
29,N06,1009.1281692775378,16.818802821292298,0.0,0.0,4.2760654833317435,0.8947685517826162,3.5193417644763345
29,N07,50.95339231145962,0.8492232051909937,0.0,0.0,2.8351631588263895,0.5932591171905836,0.17770032297468116
29,N08,107.57429404091036,1.7929049006818394,0.0,0.0,3.2021126333781,0.6700434534459302,0.37516612589783993
29,N09,53.87894879717259,0.8979824799528765,0.0,0.0,2.9109579852712253,0.609119217405377,0.18790322230695872
29,N10,102.68610911617799,1.7114351519362998,0.0,0.0,2.887335379595373,0.6041761769509438,0.3581185457372242
29,N11,61.75705882792043,1.0292843137986738,0.0,0.0,2.8252641191084353,0.5911877388482737,0.21537818782714674
29,N12,81.93017107429485,1.3655028512382474,0.0,0.0,2.7829310059375754,0.5823295166082281,0.2857320622006691
30,N01,3139.2843905464124,52.32140650910687,0.0,0.0,2.8719644752913003,0.5632328916714898,10.260968524499159
30,N02,619.9409714456921,10.332349524094868,0.0,0.0,3.0672203253451986,0.6015253280814066,2.0263200155448393
30,N03,574.2269176711559,9.570448627852597,0.0,0.0,3.1911288381461826,0.625825541600076,1.8769004636494049
30,N04,102.10453802486008,1.7017423004143346,0.0,0.0,2.905955223846357,0.5698989586662083,0.33373575647896603
30,N05,87.64476937875469,1.460746156312578,0.0,0.0,2.923046657319584,0.5732508307317429,0.2864730008662443
30,N06,1402.210327641428,23.370172127357133,0.0,0.0,4.344282247133123,0.8519752501610334,4.5832216029819515
30,N07,71.10667118000573,1.185111186333429,0.0,0.0,2.8996256335406057,0.568657636399977,0.23241708112113882
30,N08,62.53650024856019,1.0422750041426698,0.0,0.0,2.9568657313285756,0.5798832299176012,0.20440488367832155
30,N09,48.26395434609058,0.8043992391015097,0.0,0.0,2.9694632918658375,0.5823537898811569,0.15775407857422596
30,N10,65.45964482353095,1.0909940803921825,0.0,0.0,2.8835403874183134,0.5655030919184381,0.213959384241144
30,N11,79.42836197897984,1.3238060329829973,0.0,0.0,3.1226690956410104,0.6123996169182038,0.25961710403592325
30,N12,40.2068276033051,0.6701137933884184,0.0,0.0,3.0118805522705236,0.5906724151427353,0.13141880160646063
31,N01,3735.889085737381,62.26481809562301,0.0,0.0,2.9498938369252046,0.502013500607647,10.596238720734215
31,N02,663.150525745071,11.052508762417851,0.0,0.0,3.1186426425491205,0.5307312048091387,1.8809180672418762
31,N03,416.4467002900511,6.940778338167519,0.0,0.0,3.091680448241051,0.5261427733953609,1.1811829927130866
31,N04,72.89817469414238,1.2149695782357064,0.0,0.0,2.7839609010785304,0.47377500166650527,0.20676375653493337
31,N05,65.92383886923163,1.0987306478205272,0.0,0.0,2.6664303289727878,0.45377362629744333,0.18698219299723093
31,N06,2777.117285021323,46.28528808368871,0.0,0.0,5.273126750663152,0.8973817247631871,7.876839229490934
31,N07,26.13892178681357,0.4356486964468928,0.0,0.0,3.1201616739313165,0.5309897138619608,0.07413877896244037
31,N08,42.44647867349921,0.7074413112249868,0.0,0.0,3.093059063414836,0.5263773863908251,0.12039249842723215
31,N09,53.078440634767446,0.884640677246124,0.0,0.0,3.1786449693794236,0.5409424123311294,0.15054832062266746
31,N10,37.90284403341665,0.6317140672236108,0.0,0.0,2.882056686929651,0.49046896137229234,0.10750522147623315
31,N11,22.43430485274296,0.37390508087904933,0.0,0.0,3.18880855565329,0.5426720533982771,0.06363123858814188
31,N12,58.947570980872484,0.9824595163478748,0.0,0.0,2.984408519896304,0.5078872159948913,0.1671951494773735
32,N01,3837.8622936628567,63.964371561047614,0.0,0.0,3.0971786360693594,0.5748488460190793,11.87204533506294
32,N02,271.83579816134784,4.530596636022464,0.0,0.0,3.0755366129643567,0.5708319992468125,0.8408970078977104
32,N03,286.2660734355054,4.77110122392509,0.0,0.0,3.0834031135397524,0.5722920534798204,0.8855356293863235
32,N04,348.72915811632697,5.812152635272116,0.0,0.0,3.1015401849723845,0.5756583670859499,1.078758969974409
32,N05,147.72953488575368,2.4621589147625613,0.0,0.0,3.039258242026521,0.5640985872872318,0.4569866246601446
32,N06,1775.4589428113743,29.590982380189573,0.0,0.0,4.620596780210113,0.8576013976365858,5.4922056725183825
32,N07,35.383515668032516,0.5897252611338752,0.0,0.0,2.87022083233006,0.5327245623064238,0.10945538687472614
32,N08,46.8889927671452,0.7814832127857533,0.0,0.0,3.088488409653671,0.5732359049479621,0.14504643607618908
32,N09,23.893184092458142,0.39821973487430234,0.0,0.0,2.797851478576283,0.5192925183784373,0.07391118884412645
32,N10,77.11245632145638,1.2852076053576063,0.0,0.0,2.984429219983153,0.5539220996662321,0.23853971489754888
32,N11,66.73410320255633,1.1122350533759389,0.0,0.0,2.800000903335263,0.5196914602825028,0.20643531163786874
32,N12,49.14193214289719,0.8190322023816198,0.0,0.0,3.054989605864315,0.567018391861352,0.15201567998320503
33,N01,4081.6321899594527,68.02720316599088,0.0,0.0,3.1466366666927916,0.5989230604775558,12.948130029491425
33,N02,115.5590835130379,1.9259847252172984,0.0,0.0,2.835576666612698,0.5397166674382456,0.36658718124979744
33,N03,535.0211663129977,8.917019438549962,0.0,0.0,3.2243223904469627,0.6137095694885133,1.697243481907092
33,N04,330.93498389434467,5.515583064905744,0.0,0.0,3.1218153597459852,0.5941986341467399,1.049822473791837
33,N05,197.87521550325795,3.2979202583876326,0.0,0.0,3.1523455552215487,0.6000096762364582,0.6277180061085498
33,N06,1834.2461539388958,30.57076923231493,0.0,0.0,4.446262619202321,0.8462906581389543,5.818764798484035
33,N07,45.85568542105453,0.7642614236842422,0.0,0.0,3.0907742543217935,0.5882903467177998,0.1454676339734489
33,N08,96.13611807687644,1.6022686346146073,0.0,0.0,3.012948435999762,0.5734771724524049,0.30497185916262165
33,N09,43.15494997225859,0.7192491662043099,0.0,0.0,2.8434530947689196,0.5412158473425827,0.13690011192864307
33,N10,68.25231754225466,1.1375386257042444,0.0,0.0,3.0247673599937954,0.575726757288489,0.21651629574198136
33,N11,113.2456923523576,1.8874282058726266,0.0,0.0,3.265169397069909,0.6214842879607526,0.35924842847553967
33,N12,95.2341143122693,1.5872352385378217,0.0,0.0,3.054643830903401,0.5814133710570423,0.3021104396403153
34,N01,4624.966248689089,77.08277081148482,0.0,0.0,3.3558655717555053,0.6628200444255508,15.224687783600908
34,N02,142.73876938772247,2.3789794897953747,0.0,0.0,2.9893215230503114,0.5904235978302226,0.46987439079354343
34,N03,208.18510281048935,3.4697517135081557,0.0,0.0,3.3400998545729412,0.6597061433648831,0.6853137992920363
34,N04,232.84306852224466,3.8807178087040777,0.0,0.0,3.415666067228536,0.6746312943754018,0.7664840844690618
34,N05,79.72802079302514,1.328800346550419,0.0,0.0,2.975837720987879,0.5877603998889024,0.26245255833430153
34,N06,1026.5448604980973,17.109081008301622,0.0,0.0,4.248619719034373,0.8391487235421364,3.3792300649488087
34,N07,94.2511135702742,1.5708518928379034,0.0,0.0,2.969406235292472,0.5864901113319856,0.3102603781748373
34,N08,46.95516953863568,0.7825861589772614,0.0,0.0,2.7885021144783706,0.5507595748039558,0.15456930010124997
34,N09,95.71650227817173,1.5952750379695289,0.0,0.0,3.1839870554793706,0.6288721632133872,0.31508421566028444
34,N10,74.6713481782781,1.2445224696379682,0.0,0.0,2.8062942905767576,0.5542737235980002,0.24580675863679463
34,N11,130.09819346143428,2.168303224357238,0.0,0.0,3.1790076287547744,0.6278886721371686,0.428263531052202
34,N12,116.7301973547483,1.945503289245805,0.0,0.0,3.2214500068295897,0.636271504619448,0.38425811434794527
35,N01,2877.014208016959,47.950236800282646,0.0,0.0,2.8007079831252937,0.5518356171109781,9.447842715031726
35,N02,710.3800715770551,11.839667859617585,0.0,0.0,2.8226027073033957,0.556149629389693,2.3328210077833003
35,N03,267.44835376441733,4.457472562740289,0.0,0.0,2.612733349742792,0.5147981614251876,0.8782751137339825
35,N04,269.02176440919857,4.483696073486643,0.0,0.0,2.9918265690042927,0.5894925393661236,0.8834420455679048
35,N05,346.9570978023181,5.782618296705302,0.0,0.0,2.92592045922692,0.5765067732742957,1.1393743137471704
35,N06,1459.9777580127072,24.33296263354512,0.0,0.0,4.471308880111925,0.8810013432378525,4.794428955794507
35,N07,78.04528618796117,1.300754769799353,0.0,0.0,3.1703386606685675,0.6246655494974407,0.25629334276445415
35,N08,64.70959150005622,1.0784931916676037,0.0,0.0,2.873536355377834,0.5661853065421202,0.2125001819396233
35,N09,56.90864829936006,0.948477471656001,0.0,0.0,3.0070486541755557,0.5924918126980139,0.18688262183731358
35,N10,67.16586216694022,1.1194310361156703,0.0,0.0,2.9096034414908134,0.5732917606396092,0.22056634263552813
35,N11,68.71579291126338,1.145263215187723,0.0,0.0,3.1050794853860504,0.6118072517094666,0.22565616869573746
35,N12,60.19509594193468,1.0032515990322446,0.0,0.0,3.30365451047187,0.6509333484576112,0.19767500525054446
36,N01,3087.437115682534,51.45728526137557,0.0,0.0,2.8608487900686423,0.5332443084160762,9.591315901569406
36,N02,715.3651466156236,11.922752443593728,0.0,0.0,3.2382554875168115,0.6035905546318769,2.222326430977736
36,N03,403.0368734046749,6.7172812234112484,0.0,0.0,3.272817443616779,0.610032686925626,1.2520591765803466
36,N04,61.217605738234354,1.0202934289705725,0.0,0.0,2.9169604978550634,0.5437031795442833,0.19017630914349226
36,N05,196.6184169759027,3.276973616265045,0.0,0.0,3.0740077575283262,0.5729758057885733,0.6108073714937778
36,N06,1966.653233381841,32.77755388969735,0.0,0.0,4.714968220784145,0.8788405653678372,6.109530890328166
36,N07,23.365723580995606,0.38942872634992676,0.0,0.0,2.7925860153578514,0.5205205544666951,0.07258707715720884
36,N08,30.048664208693772,0.5008110701448962,0.0,0.0,2.8577125245823747,0.5326597281593217,0.09334804889849581
36,N09,42.129538893806426,0.7021589815634405,0.0,0.0,2.7609098767835447,0.5146163204973973,0.1308780393503249
36,N10,54.893341075537066,0.9148890179256177,0.0,0.0,2.887174557437122,0.5381512666805816,0.17052958665092663
36,N11,100.70720578856458,1.6784534298094096,0.0,0.0,3.332176875061086,0.6210969134161604,0.31285321387637366
36,N12,71.74853095781303,1.195808849296884,0.0,0.0,2.930443493012504,0.5462163254515628,0.22289128494129218
37,N01,3155.4983414927965,52.59163902487994,0.0,0.0,2.9021054529198036,0.515976234872663,9.350465146791354
37,N02,794.2364251019774,13.237273751699624,0.0,0.0,3.0627849629414783,0.5445440488088367,2.3535046472928576
37,N03,163.19045374764258,2.719840895794043,0.0,0.0,2.8623934384828282,0.5089156865842526,0.4835707342931214
37,N04,372.9842009339601,6.216403348899335,0.0,0.0,3.048037866782303,0.5419221071616575,1.1052377132567028
37,N05,129.19910388885575,2.153318398147596,0.0,0.0,2.946177310995054,0.523811936146244,0.38284657038923015
37,N06,2649.0235252357143,44.150392087261906,0.0,0.0,4.9057405405797905,0.8722100469656816,7.849664130715075
37,N07,27.138768467507866,0.4523128077917978,0.0,0.0,3.035305073886769,0.5396582960616709,0.08041839393337288
37,N08,45.00788708004658,0.7501314513341096,0.0,0.0,3.1583169481999764,0.5615290394865523,0.13336868980054797
37,N09,103.60438062659482,1.7267396771099137,0.0,0.0,3.4193772264301736,0.6079439274433303,0.30700353645110345
37,N10,65.21696644564469,1.0869494407607447,0.0,0.0,2.844470961458721,0.5057291820397032,0.19325282593587886
37,N11,31.534124703690708,0.5255687450615117,0.0,0.0,2.599202209005414,0.4621219287969073,0.09344284232358083
37,N12,67.63866863116138,1.1273111438526897,0.0,0.0,2.7802098638808106,0.49430396000179416,0.20042888481185023
38,N01,3288.7541807833636,54.81256967972273,0.0,0.0,2.8954032581412035,0.577636953704173,10.935183444816262
38,N02,466.7786113485448,7.779643522475747,0.0,0.0,2.943446237642481,0.5872215945475372,1.552049640267462
38,N03,127.90369922646363,2.1317283204410606,0.0,0.0,2.7335098545092382,0.5453389958166752,0.42528274763875257
38,N04,182.38318952397546,3.039719825399591,0.0,0.0,2.606784100358881,0.5200570326298719,0.6064283084302485
38,N05,299.4273964573134,4.990456607621891,0.0,0.0,2.872675409931396,0.573102716558708,0.9956029939229237
38,N06,1733.2730759940084,28.88788459990014,0.0,0.0,4.371353691786674,0.8720911061308207,5.763172923262018
38,N07,24.58452218254251,0.4097420363757085,0.0,0.0,2.703272542844194,0.5393066103279566,0.0817441028399458
38,N08,146.43131936317087,2.4405219893861814,0.0,0.0,3.162237545642874,0.6308707630338065,0.4868875115869375
38,N09,94.14519374330196,1.569086562388366,0.0,0.0,2.763009238368703,0.5512241636877891,0.31303493889760864
38,N10,92.95155327090745,1.5491925545151242,0.0,0.0,3.0634281543310427,0.6111581528354704,0.3090660568178656
38,N11,176.13234468327647,2.935539078054608,0.0,0.0,3.2783349882093296,0.6540323633630074,0.5856441052758963
38,N12,100.02231406784533,1.6670385677974222,0.0,0.0,3.0616169199710317,0.61079680907611,0.3325764994227652
39,N01,3393.0627273930104,56.55104545655017,0.0,0.0,3.0195043858410373,0.5932627521298399,11.110972059087736
39,N02,463.6046813686628,7.726744689477713,0.0,0.0,2.9458172451543545,0.578784933821196,1.5181265644054935
39,N03,146.49658922203773,2.4416098203672956,0.0,0.0,2.7369128253581105,0.5377400485739481,0.47971984026606523
39,N04,507.7668019743403,8.462780032905671,0.0,0.0,3.201196080462801,0.6289609664778275,1.6627404803694794
39,N05,89.815039131715,1.4969173188619167,0.0,0.0,2.9382950858121606,0.5773070035442157,0.29410962026189763
39,N06,1416.4659713317164,23.60776618886194,0.0,0.0,4.361555517781728,0.8569447496680997,4.6383798634360875
39,N07,29.7951266381038,0.49658544396839666,0.0,0.0,2.961990365252455,0.5819625777368391,0.09756755066750847
39,N08,27.380108887706378,0.4563351481284396,0.0,0.0,2.770050723555046,0.5442508788864653,0.08965929877159276
39,N09,83.75960181625194,1.395993363604199,0.0,0.0,3.128527906076821,0.6146833514723208,0.2742803980449061
39,N10,33.168677673722925,0.5528112945620488,0.0,0.0,2.7990413495878474,0.5499468661706156,0.10861462945979186
39,N11,14.548737231956792,0.24247895386594653,0.0,0.0,2.8008256327238445,0.5502974365254077,0.04764150440669344
39,N12,68.07181622832174,1.134530270472029,0.0,0.0,3.1745239116601107,0.6237205023992339,0.2229089494921773
40,N01,2567.847578524546,42.797459642075765,0.0,0.0,2.6579991177366384,0.4777102820854744,7.69179582556334
40,N02,1426.3844443768626,23.77307407294771,0.0,0.0,3.277971124549485,0.589135075375796,4.272628175699783
40,N03,108.81633511858104,1.813605585309684,0.0,0.0,2.770170971256196,0.49787042714696256,0.3259512126880713
40,N04,473.59653881449447,7.893275646908241,0.0,0.0,3.515431350783959,0.631812738773648,1.4186230953582097
40,N05,220.12932016898182,3.6688220028163636,0.0,0.0,3.036018691202013,0.5456500477042632,0.6593809539633021
40,N06,2175.3429466971675,36.255715778286124,0.0,0.0,4.775818502955938,0.8583364791252582,6.516077487039984
40,N07,87.46264969060317,1.4577108281767195,0.0,0.0,3.4621995349027257,0.6222456228138051,0.2619878412602049
40,N08,59.20497782315906,0.9867496303859844,0.0,0.0,3.2270845402382005,0.5799894573868745,0.17734409358300313
40,N09,25.46328164276659,0.42438802737944314,0.0,0.0,2.7412995853778517,0.4926815022146297,0.07627336025821031
40,N10,36.068057951845304,0.6011342991974218,0.0,0.0,2.82489699723218,0.5077060907978467,0.10803917643335638
40,N11,36.57112061342775,0.6095186768904626,0.0,0.0,2.9087365209299665,0.5227741930588008,0.10954606310089761
40,N12,43.64301929604483,0.7273836549340804,0.0,0.0,3.258011381190606,0.5855478000577956,0.13072940794608345
41,N01,3404.7514257667854,56.74585709611309,0.0,0.0,2.866985154528215,0.5543208327341784,10.971598757688138
41,N02,954.3871206283893,15.906452010473155,0.0,0.0,3.096128234196524,0.5986247882452118,3.0754528708896225
41,N03,125.9141832943746,2.0985697215729098,0.0,0.0,3.0012446768239918,0.5802794080982475,0.4057505891775207
41,N04,392.8421995836618,6.54736999306103,0.0,0.0,3.1664358949304856,0.612218510899857,1.2659094453419308
41,N05,85.07527188331852,1.4179211980553086,0.0,0.0,2.910101165500799,0.5626571518353605,0.27414974856638297
41,N06,910.8538152896363,15.180896921493938,0.0,0.0,4.388598644278273,0.8485190972091858,2.935169514178742
41,N07,11.98296184856046,0.199716030809341,0.0,0.0,2.911845947664902,0.5629944989264739,0.03861434592144458
41,N08,97.33135229678325,1.6221892049463875,0.0,0.0,3.0808114099214112,0.5956633376867346,0.3136442020001492
41,N09,70.94391359014828,1.1823985598358047,0.0,0.0,3.151148700636041,0.609262789187074,0.22861232932325123
41,N10,49.7569695638585,0.8292828260643083,0.0,0.0,2.8783333811541576,0.556514969813477,0.16033872585286046
41,N11,76.95175703395418,1.2825292838992364,0.0,0.0,2.881460351799532,0.5571195578663106,0.2479722294808966
41,N12,101.37740286191703,1.6896233810319505,0.0,0.0,3.2082080284979653,0.6202949963422866,0.32668234716928374
42,N01,2882.949927988043,48.04916546646738,0.0,0.0,2.6247500875391623,0.4930843434965867,9.026494111599275
42,N02,751.5830471208803,12.526384118681339,0.0,0.0,2.9014602669721645,0.5450669904587839,2.3532007557096235
42,N03,394.40492742764644,6.573415457127441,0.0,0.0,3.134115715569669,0.5887735359608584,1.234878802593673
42,N04,372.0628213205216,6.2010470220086935,0.0,0.0,3.1513041855493795,0.5920025540208607,1.1649258397416853
42,N05,153.3786624908947,2.5563110415149115,0.0,0.0,2.7909261419817875,0.5243021006075186,0.4802274158071246
42,N06,2046.5878125934637,34.10979687655773,0.0,0.0,4.638964316098526,0.871473701502793,6.407850743400897
42,N07,44.997083094022614,0.7499513849003769,0.0,0.0,3.016874947302052,0.5667487391900266,0.14088552202874854
42,N08,148.10056000830662,2.46834266680511,0.0,0.0,3.095882852508683,0.5815911279015464,0.46370171741847865
42,N09,104.17836819071567,1.7363061365119279,0.0,0.0,3.4000818804883797,0.638737817300954,0.3261816717315586
42,N10,187.11298493157742,3.1185497488596234,0.0,0.0,3.337057479501247,0.6268980823362658,0.5858493206183957
42,N11,46.70342456954991,0.7783904094924985,0.0,0.0,3.0329349389539004,0.5697657618306988,0.14622806410056793
42,N12,59.37974355220237,0.9896623925367062,0.0,0.0,2.9668805298520824,0.55735681093604,0.1859175216047848
43,N01,3477.103607633579,57.95172679389298,0.0,0.0,2.8823457450504195,0.5496111752582686,11.05034561732651
43,N02,316.41453287743445,5.273575547957241,0.0,0.0,2.893583102778248,0.5517539360281017,1.0055754274806288
43,N03,171.61556794238004,2.860259465706334,0.0,0.0,2.883930436936903,0.5499133473247697,0.5453997214560209
43,N04,109.94205981011956,1.8323676635019928,0.0,0.0,2.9465886946254596,0.5618611432153146,0.3493993552896831
43,N05,212.9786137790309,3.549643562983848,0.0,0.0,3.0065042731417626,0.5732859598186566,0.6768527938571
43,N06,1874.666087774761,31.24443479624602,0.0,0.0,4.3903382169487175,0.8371580513344234,5.957748322918397
43,N07,93.5215353060643,1.5586922551010716,0.0,0.0,3.4098911094489206,0.650204529899018,0.297214407280302
43,N08,103.99059500327749,1.7331765833879582,0.0,0.0,3.195713174136217,0.6093646733537911,0.3304854112528764
43,N09,55.796151001893364,0.9299358500315561,0.0,0.0,3.1428895817668585,0.5992921701735804,0.1773219386773116
43,N10,26.5741931006442,0.44290321834407004,0.0,0.0,2.7151687883843847,0.5177335548211296,0.0844536290546559
43,N11,101.11777562355084,1.6852962603925141,0.0,0.0,3.1836475799690502,0.6070639828825687,0.32135550008990754
43,N12,97.51816477684432,1.6253027462807386,0.0,0.0,3.193771799874516,0.6089944884127853,0.30991582257881506
44,N01,3553.276782050777,59.22127970084628,0.0,0.0,3.0430291558157494,0.5682673164123447,11.059216316014309
44,N02,632.197601935786,10.536626698929767,0.0,0.0,3.139020695070122,0.5861931566252524,1.9676513998546856
44,N03,103.67594076330873,1.7279323460551455,0.0,0.0,2.7083832596633317,0.5057742164065514,0.3226809297433819
44,N04,547.8330601802411,9.130551003004019,0.0,0.0,3.3481126403771366,0.625239814596297,1.7050752556632085
44,N05,184.59298777061974,3.076549796176996,0.0,0.0,2.689365460334739,0.5022227572403211,0.5745270935512208
44,N06,1342.38255453822,22.373042575636997,0.0,0.0,4.571051364654715,0.8536162353919294,4.178030578556236
44,N07,47.71774607950455,0.7952957679917425,0.0,0.0,3.0351036365905792,0.5667872735633782,0.14851668146755231
44,N08,113.46042019812958,1.8910070033021598,0.0,0.0,3.3883865480566056,0.6327607236203563,0.35313413709156505
44,N09,94.24955983425578,1.5708259972375962,0.0,0.0,3.104780444728334,0.5797989966686093,0.2933422679486817
44,N10,74.81266250168898,1.246877708361483,0.0,0.0,2.74684682358452,0.5129570546673596,0.23284688149332222
44,N11,125.34614634697691,2.089102439116282,0.0,0.0,3.2878719928368882,0.613990237492767,0.39012726332845377
44,N12,95.3285055449657,1.5888084257494282,0.0,0.0,3.214414004341999,0.6002724017923565,0.2967003778680249
45,N01,3801.2459938944367,63.35409989824061,0.0,0.0,3.2717533306654554,0.6383658712725353,12.361291054910218
45,N02,182.1623419900463,3.0360390331674383,0.0,0.0,3.1070004380418976,0.6062202254322615,0.5923746403678783
45,N03,258.43741501535544,4.307290250255924,0.0,0.0,3.099676677372823,0.6047912549726961,0.8404139357501812
45,N04,283.16444991263927,4.719407498543988,0.0,0.0,3.3785303730151326,0.6591995994856559,0.920823905476212
45,N05,89.90145342171142,1.4983575570285237,0.0,0.0,3.1104934320579924,0.6069017585257055,0.2923509906462767
45,N06,1526.2029567611985,25.436715946019977,0.0,0.0,4.502951862832777,0.8785903149461666,4.963067106862342
45,N07,30.22512173429552,0.5037520289049253,0.0,0.0,2.66254738679688,0.5195010780446878,0.09828922609266297
45,N08,49.43619458167265,0.8239365763612109,0.0,0.0,2.741709997131255,0.5349468355975757,0.16076181095692638
45,N09,24.696935336422925,0.4116155889403821,0.0,0.0,2.586363041591467,0.5046364226171074,0.08031208881197674
45,N10,99.18721170149232,1.653120195024872,0.0,0.0,3.077355176076608,0.6004360108014704,0.32254739491642387
45,N11,72.75548819400876,1.212591469900146,0.0,0.0,2.788844470463079,0.5441434455172244,0.23659393968524156
45,N12,71.03129412512287,1.1838549020853812,0.0,0.0,2.818085488213532,0.5498487863197252,0.23098702428042908
46,N01,3226.1090328676732,53.768483881127885,0.0,0.0,2.8332952502853854,0.5911612095236982,11.218683249555932
46,N02,434.45914908288114,7.240985818048019,0.0,0.0,2.993703567459301,0.6246300740158973,1.5108167544169804
46,N03,206.57733823806623,3.442955637301104,0.0,0.0,2.698198863248659,0.5629736270418272,0.7183655916828099
46,N04,161.67288005779838,2.6945480009633065,0.0,0.0,2.953759221645029,0.6162957686579155,0.5622118821568929
46,N05,118.25049432174036,1.970841572029006,0.0,0.0,2.803925464345082,0.5850332642704906,0.4112120286027021
46,N06,1346.941079721178,22.449017995352968,0.0,0.0,4.2486663773162405,0.8864754755876398,4.6839412974752275
46,N07,72.2537030218542,1.2042283836975698,0.0,0.0,3.282842514524995,0.6849583188927938,0.2512597682072554
46,N08,113.94520705041559,1.8990867841735932,0.0,0.0,3.041696845143335,0.634643772405376,0.39624054013059545
46,N09,54.68107963161688,0.9113513271936147,0.0,0.0,2.7328426031368016,0.5702019719072752,0.1901515745069415
46,N10,47.12756705452312,0.7854594509087186,0.0,0.0,2.8710402434751496,0.5990366244933444,0.16388449420661252
46,N11,73.30045594894574,1.2216742658157622,0.0,0.0,2.9471000032352195,0.6149063364731727,0.2548998155243007
46,N12,26.350401921086686,0.43917336535144474,0.0,0.0,2.9153183744085025,0.6082751651768022,0.09163261676509094
47,N01,3684.6553037493486,61.41092172915581,0.0,0.0,3.023724649270331,0.5205582831362752,10.57237932986387
47,N02,523.6584217768022,8.727640362946705,0.0,0.0,3.234467509604801,0.5568393451653236,1.5025328064388221
47,N03,162.08605335043185,2.7014342225071974,0.0,0.0,2.970714644207621,0.5114321885260571,0.4650734190407433
47,N04,669.1229783351037,11.152049638918394,0.0,0.0,3.2372191592549386,0.55731306357021,1.919914174356709
47,N05,178.6912344782708,2.978187241304513,0.0,0.0,2.8400695878591917,0.48894060145334145,0.512718655637494
47,N06,2275.1994331858623,37.919990553097705,0.0,0.0,5.0350090685238165,0.8668169163216708,6.528228416442536
47,N07,31.069758803031384,0.5178293133838564,0.0,0.0,3.0721947831323555,0.5289028027580237,0.08914844094609783
47,N08,59.979667975090905,0.9996611329181817,0.0,0.0,3.2958354259164713,0.5674043207700178,0.17209962659646547
47,N09,28.912304300649637,0.48187173834416064,0.0,0.0,2.94852771116411,0.5076125312778428,0.08295805799144462
47,N10,33.727409444148975,0.5621234907358162,0.0,0.0,2.888160089345385,0.4972197643377186,0.09677403639204363
47,N11,34.58806229061397,0.5764677048435661,0.0,0.0,2.968755181707618,0.5110948514490459,0.09924350710614166
47,N12,47.17940965531581,0.7863234942552635,0.0,0.0,3.179277646448002,0.5473379706210634,0.13537185281008088
48,N01,3150.5219035045047,52.508698391741746,0.0,0.0,3.0703496281539744,0.6443773320609345,11.020052787931558
48,N02,263.8001360537164,4.3966689342286065,0.0,0.0,2.8411739436551384,0.5962800030803952,0.9227332847747411
48,N03,606.5782654697973,10.109637757829955,0.0,0.0,3.100355577687185,0.6506747105512762,2.1217197373087777
48,N04,130.15658318415564,2.169276386402594,0.0,0.0,2.8683144512868934,0.6019760084272014,0.4552681940699128
48,N05,444.886296453943,7.414771607565716,0.0,0.0,3.235511000128949,0.6790399135652909,1.5561454964322896
48,N06,1040.7812366731057,17.346353944551762,0.0,0.0,4.126335746304552,0.8659981895905604,3.6404965653684793
48,N07,42.86146269692264,0.7143577116153774,0.0,0.0,3.0133835775752424,0.6324218103335794,0.149922963862794
48,N08,61.40167567735281,1.0233612612892136,0.0,0.0,2.826931238618481,0.5932908724000661,0.21477384635199814
48,N09,53.92272901988813,0.8987121503314689,0.0,0.0,2.767733533506785,0.5808669911149437,0.18861361338497562
48,N10,73.78375846701039,1.2297293077835065,0.0,0.0,3.516494110478211,0.7380101185676121,0.2580845136464495
48,N11,58.65314487456317,0.9775524145760528,0.0,0.0,2.938314436373152,0.6166669749609731,0.20515989810351726
48,N12,59.21833698769345,0.9869722831282242,0.0,0.0,2.8654412570927934,0.6013730083022938,0.20713685529117876
49,N01,3427.4769760008,57.12461626668,0.0,0.0,2.9531724279472735,0.5595869629349034,10.824356283087974
49,N02,553.1705919463527,9.219509865772546,0.0,0.0,3.036230089211843,0.5753252869066678,1.7469747031066853
49,N03,465.7022315196795,7.761703858661325,0.0,0.0,3.197702565217629,0.6059221770816393,1.4707398214764718
49,N04,227.32786740192213,3.7887977900320355,0.0,0.0,3.059174936216148,0.57967303075279,0.7179268736340627
49,N05,133.9589573224091,2.2326492887068183,0.0,0.0,2.8316816479181095,0.5365660732713872,0.4230573951398571
49,N06,2454.3288281267596,40.905480468779324,0.0,0.0,4.571617095375874,0.8662607377385229,7.751045406728251
49,N07,47.858275141340904,0.7976379190223484,0.0,0.0,3.041227605572313,0.5762722499000602,0.1511417946352984
49,N08,36.088047277180905,0.6014674546196818,0.0,0.0,2.801883625812455,0.5309197437398736,0.1139700963782748
49,N09,38.42251386920971,0.6403752311534952,0.0,0.0,2.9322446838041905,0.5556214332979337,0.12134260341479763
49,N10,28.647059714673517,0.47745099524455864,0.0,0.0,2.9173246347828528,0.552794282116486,0.09047062401461638
49,N11,73.21597008173855,1.2202661680289757,0.0,0.0,3.0148611821443954,0.5712761627532831,0.23122423617309307
49,N12,109.62519092075755,1.827086515345959,0.0,0.0,3.266045134437791,0.61887218649767,0.3462086346419104
