run,job,process,server,release,first_component,ready,start,finish,service,queue_wait,sync_wait
0,0,N01,0,0.0,0.0,0.0,0.0,1.2296016683331166,1.2296016683331166,0.0,0.0
0,1,N01,0,1.0,1.0,1.0,1.2296016683331166,3.7440838055603507,2.514482137227234,0.22960166833311657,0.0
0,2,N01,0,2.0,2.0,2.0,3.7440838055603507,5.099420643367202,1.3553368378068509,1.7440838055603507,0.0
0,3,N01,0,3.0,3.0,3.0,5.099420643367202,7.566655307293746,2.4672346639265443,2.0994206433672016,0.0
0,4,N01,0,4.0,4.0,4.0,7.566655307293746,9.301578553152769,1.7349232458590227,3.566655307293746,0.0
0,5,N01,0,5.0,5.0,5.0,9.301578553152769,12.857854370134486,3.5562758169817177,4.301578553152769,0.0
0,6,N01,0,6.0,6.0,6.0,12.857854370134486,15.305563977766123,2.4477096076316376,6.857854370134486,0.0
0,7,N01,0,7.0,7.0,7.0,15.305563977766123,18.43027466858274,3.124710690816615,8.305563977766123,0.0
0,8,N01,0,8.0,8.0,8.0,18.43027466858274,20.585472772661298,2.155198104078556,10.43027466858274,0.0
0,9,N01,0,9.0,9.0,9.0,20.585472772661298,22.04396040621734,1.4584876335560417,11.585472772661298,0.0
0,10,N01,0,10.0,10.0,10.0,22.04396040621734,23.56332502444571,1.5193646182283678,12.04396040621734,0.0
0,11,N01,0,11.0,11.0,11.0,23.56332502444571,25.923120329670304,2.359795305224595,12.56332502444571,0.0
0,12,N01,0,12.0,12.0,12.0,25.923120329670304,28.87149196262073,2.9483716329504244,13.923120329670304,0.0
0,13,N01,0,13.0,13.0,13.0,28.87149196262073,32.10395487501564,3.2324629123949054,15.87149196262073,0.0
0,14,N01,0,14.0,14.0,14.0,32.10395487501564,35.83857245865958,3.7346175836439413,18.10395487501564,0.0
0,15,N01,0,15.0,15.0,15.0,35.83857245865958,37.04370476759313,1.2051323089335517,20.838572458659577,0.0
0,16,N01,0,16.0,16.0,16.0,37.04370476759313,42.880896019046645,5.837191251453516,21.043704767593127,0.0
0,17,N01,0,17.0,17.0,17.0,42.880896019046645,45.33609685385135,2.4552008348047054,25.880896019046645,0.0
0,18,N01,0,18.0,18.0,18.0,45.33609685385135,49.22414442175212,3.8880475679007707,27.336096853851352,0.0
0,19,N01,0,19.0,19.0,19.0,49.22414442175212,54.16058444702428,4.936440025272153,30.224144421752122,0.0
0,20,N01,0,20.0,20.0,20.0,54.16058444702428,57.380457964444496,3.219873517420218,34.16058444702428,0.0
0,21,N01,0,21.0,21.0,21.0,57.380457964444496,60.42785192151404,3.047393957069545,36.380457964444496,0.0
0,22,N01,0,22.0,22.0,22.0,60.42785192151404,62.6643752322618,2.2365233107477565,38.42785192151404,0.0
0,23,N01,0,23.0,23.0,23.0,62.6643752322618,65.3838629079254,2.7194876756636073,39.6643752322618,0.0
0,24,N01,0,24.0,24.0,24.0,65.3838629079254,68.16639654117549,2.7825336332500887,41.383862907925405,0.0
0,25,N01,0,25.0,25.0,25.0,68.16639654117549,69.23668784233558,1.0702913011600954,43.16639654117549,0.0
0,26,N01,0,26.0,26.0,26.0,69.23668784233558,72.75703514765979,3.5203473053242074,43.236687842335584,0.0
0,27,N01,0,27.0,27.0,27.0,72.75703514765979,76.95759650842204,4.200561360762247,45.75703514765979,0.0
0,28,N01,0,28.0,28.0,28.0,76.95759650842204,79.68405909699214,2.7264625885701044,48.95759650842204,0.0
0,29,N01,0,29.0,29.0,29.0,79.68405909699214,81.67709327800291,1.9930341810107721,50.684059096992144,0.0
0,30,N01,0,30.0,30.0,30.0,81.67709327800291,82.74913522382359,1.0720419458206767,51.677093278002914,0.0
0,31,N01,0,31.0,31.0,31.0,82.74913522382359,84.26926877815147,1.520133554327879,51.749135223823586,0.0
0,32,N01,0,32.0,32.0,32.0,84.26926877815147,90.14524991120037,5.875981133048896,52.26926877815147,0.0
0,33,N01,0,33.0,33.0,33.0,90.14524991120037,92.6196730164493,2.4744231052489334,57.14524991120037,0.0
0,34,N01,0,34.0,34.0,34.0,92.6196730164493,94.10348944312781,1.4838164266785203,58.6196730164493,0.0
0,35,N01,0,35.0,35.0,35.0,94.10348944312781,97.95210471943885,3.84861527631103,59.10348944312781,0.0
0,36,N01,0,36.0,36.0,36.0,97.95210471943885,100.25206121139983,2.2999564919609807,61.95210471943885,0.0
0,37,N01,0,37.0,37.0,37.0,100.25206121139983,102.83495479806852,2.5828935866686855,63.252061211399834,0.0
0,38,N01,0,38.0,38.0,38.0,102.83495479806852,105.07859109995248,2.243636301883956,64.83495479806852,0.0
0,39,N01,0,39.0,39.0,39.0,105.07859109995248,109.43301164864131,4.354420548688837,66.07859109995248,0.0
0,40,N01,0,40.0,40.0,40.0,109.43301164864131,111.52580334856168,2.0927916999203626,69.43301164864131,0.0
0,41,N01,0,41.0,41.0,41.0,111.52580334856168,114.08059060769308,2.5547872591314,70.52580334856168,0.0
0,42,N01,0,42.0,42.0,42.0,114.08059060769308,117.61333232800698,3.5327417203139007,72.08059060769308,0.0
0,43,N01,0,43.0,43.0,43.0,117.61333232800698,118.99767621018836,1.384343882181377,74.61333232800698,0.0
0,44,N01,0,44.0,44.0,44.0,118.99767621018836,120.3958308943991,1.3981546842107362,74.99767621018836,0.0
0,45,N01,0,45.0,45.0,45.0,120.3958308943991,122.69678964359281,2.3009587491937067,75.3958308943991,0.0
0,46,N01,0,46.0,46.0,46.0,122.69678964359281,124.75584046276802,2.0590508191752157,76.69678964359281,0.0
0,47,N01,0,47.0,47.0,47.0,124.75584046276802,129.17130845148685,4.415467988718841,77.75584046276802,0.0
0,48,N01,0,48.0,48.0,48.0,129.17130845148685,130.58884444389975,1.41753599241288,81.17130845148685,0.0
0,49,N01,0,49.0,49.0,49.0,130.58884444389975,132.5621783318143,1.9733338879145454,81.58884444389975,0.0
0,50,N01,0,50.0,50.0,50.0,132.5621783318143,137.76041979839053,5.198241466576243,82.5621783318143,0.0
0,51,N01,0,51.0,51.0,51.0,137.76041979839053,139.38204677485743,1.62162697646689,86.76041979839053,0.0
0,52,N01,0,52.0,52.0,52.0,139.38204677485743,141.37297631921646,1.990929544359022,87.38204677485743,0.0
0,53,N01,0,53.0,53.0,53.0,141.37297631921646,142.4805538465622,1.1075775273457475,88.37297631921646,0.0
0,54,N01,0,54.0,54.0,54.0,142.4805538465622,144.77789792141738,2.2973440748551623,88.4805538465622,0.0
0,55,N01,0,55.0,55.0,55.0,144.77789792141738,147.44254044585736,2.6646425244399956,89.77789792141738,0.0
0,56,N01,0,56.0,56.0,56.0,147.44254044585736,149.85094055755968,2.408400111702324,91.44254044585736,0.0
0,57,N01,0,57.0,57.0,57.0,149.85094055755968,154.58140634504593,4.7304657874862635,92.85094055755968,0.0
0,58,N01,0,58.0,58.0,58.0,154.58140634504593,156.27766574572348,1.6962594006775333,96.58140634504593,0.0
0,59,N01,0,59.0,59.0,59.0,156.27766574572348,161.98959962388875,5.711933878165278,97.27766574572348,0.0
0,0,N02,0,0.0,1.2296016683331166,1.2296016683331166,1.2296016683331166,4.350024809685943,3.1204231413528265,0.0,0.0
0,1,N02,0,1.0,3.7440838055603507,3.7440838055603507,4.350024809685943,6.162462746622954,1.8124379369370118,0.6059410041255919,0.0
0,2,N02,0,2.0,5.099420643367202,5.099420643367202,6.162462746622954,8.375892932811485,2.213430186188532,1.0630421032557527,0.0
0,3,N02,0,3.0,7.566655307293746,7.566655307293746,8.375892932811485,11.15361171901258,2.7777187862010964,0.8092376255177394,0.0
0,4,N02,0,4.0,9.301578553152769,9.301578553152769,11.15361171901258,14.719437450172556,3.565825731159975,1.8520331658598117,0.0
0,5,N02,0,5.0,12.857854370134486,12.857854370134486,14.719437450172556,19.464028981797366,4.74459153162481,1.86158308003807,0.0
0,6,N02,0,6.0,15.305563977766123,15.305563977766123,19.464028981797366,23.3350074345019,3.870978452704534,4.1584650040312425,0.0
0,7,N02,0,7.0,18.43027466858274,18.43027466858274,23.3350074345019,29.173246341343514,5.838238906841616,4.90473276591916,0.0
0,8,N02,0,8.0,20.585472772661298,20.585472772661298,29.173246341343514,30.555793884570793,1.3825475432272796,8.587773568682216,0.0
0,9,N02,0,9.0,22.04396040621734,22.04396040621734,30.555793884570793,31.8418326358456,1.2860387512748062,8.511833478353452,0.0
0,10,N02,0,10.0,23.56332502444571,23.56332502444571,31.8418326358456,37.90525853037721,6.063425894531613,8.278507611399888,0.0
0,11,N02,0,11.0,25.923120329670304,25.923120329670304,37.90525853037721,40.272418037412194,2.367159507034984,11.982138200706906,0.0
0,12,N02,0,12.0,28.87149196262073,28.87149196262073,40.272418037412194,42.412832103602085,2.140414066189888,11.400926074791464,0.0
0,13,N02,0,13.0,32.10395487501564,32.10395487501564,42.412832103602085,46.908675766391084,4.495843662789002,10.308877228586447,0.0
0,14,N02,0,14.0,35.83857245865958,35.83857245865958,46.908675766391084,48.15956908165988,1.250893315268796,11.070103307731507,0.0
0,15,N02,0,15.0,37.04370476759313,37.04370476759313,48.15956908165988,52.81941362264856,4.659844540988681,11.115864314066755,0.0
0,16,N02,0,16.0,42.880896019046645,42.880896019046645,52.81941362264856,56.61966174950448,3.8002481268559176,9.938517603601916,0.0
0,17,N02,0,17.0,45.33609685385135,45.33609685385135,56.61966174950448,58.823357478734586,2.2036957292301067,11.283564895653129,0.0
0,18,N02,0,18.0,49.22414442175212,49.22414442175212,58.823357478734586,61.59135661602802,2.7679991372934385,9.599213056982464,0.0
0,19,N02,0,19.0,54.16058444702428,54.16058444702428,61.59135661602802,66.22736256640404,4.636005950376021,7.430772169003745,0.0
0,20,N02,0,20.0,57.380457964444496,57.380457964444496,66.22736256640404,69.22898488181733,3.0016223154132824,8.846904601959544,0.0
0,21,N02,0,21.0,60.42785192151404,60.42785192151404,69.22898488181733,72.25203247427282,3.0230475924555043,8.801132960303285,0.0
0,22,N02,0,22.0,62.6643752322618,62.6643752322618,72.25203247427282,74.9449148165204,2.6928823422475747,9.587657242011026,0.0
0,23,N02,0,23.0,65.3838629079254,65.3838629079254,74.9449148165204,77.89834559400786,2.953430777487471,9.56105190859499,0.0
0,24,N02,0,24.0,68.16639654117549,68.16639654117549,77.89834559400786,80.00492414137871,2.106578547370847,9.731949052832377,0.0
0,25,N02,0,25.0,69.23668784233558,69.23668784233558,80.00492414137871,81.67709473514624,1.6721705937675286,10.768236299043124,0.0
0,26,N02,0,26.0,72.75703514765979,72.75703514765979,81.67709473514624,85.04316660170137,3.3660718665551306,8.920059587486449,0.0
0,27,N02,0,27.0,76.95759650842204,76.95759650842204,85.04316660170137,86.52151317617827,1.4783465744769069,8.08557009327933,0.0
0,28,N02,0,28.0,79.68405909699214,79.68405909699214,86.52151317617827,88.84281502843464,2.321301852256367,6.837454079186131,0.0
0,29,N02,0,29.0,81.67709327800291,81.67709327800291,88.84281502843464,91.75513732357254,2.912322295137894,7.165721750431729,0.0
0,30,N02,0,30.0,82.74913522382359,82.74913522382359,91.75513732357254,94.46181701927583,2.706679695703283,9.006002099748954,0.0
0,31,N02,0,31.0,84.26926877815147,84.26926877815147,94.46181701927583,96.17858986038223,1.7167728411063998,10.192548241124356,0.0
0,32,N02,0,32.0,90.14524991120037,90.14524991120037,96.17858986038223,99.26584050778062,3.0872506473983967,6.033339949181865,0.0
0,33,N02,0,33.0,92.6196730164493,92.6196730164493,99.26584050778062,101.76849761754815,2.5026571097675268,6.646167491331326,0.0
0,34,N02,0,34.0,94.10348944312781,94.10348944312781,101.76849761754815,104.02698120043547,2.258483582887327,7.665008174420336,0.0
0,35,N02,0,35.0,97.95210471943885,97.95210471943885,104.02698120043547,105.58938626710687,1.5624050666714084,6.074876480996622,0.0
0,36,N02,0,36.0,100.25206121139983,100.25206121139983,105.58938626710687,107.36927705102812,1.7798907839212483,5.337325055707041,0.0
0,37,N02,0,37.0,102.83495479806852,102.83495479806852,107.36927705102812,110.23804080800754,2.868763756979424,4.534322252959598,0.0
0,38,N02,0,38.0,105.07859109995248,105.07859109995248,110.23804080800754,111.39805081873114,1.1600100107235962,5.159449708055064,0.0
0,39,N02,0,39.0,109.43301164864131,109.43301164864131,111.39805081873114,117.51631564959968,6.118264830868544,1.965039170089824,0.0
0,40,N02,0,40.0,111.52580334856168,111.52580334856168,117.51631564959968,122.89362619778997,5.377310548190293,5.990512301037995,0.0
0,41,N02,0,41.0,114.08059060769308,114.08059060769308,122.89362619778997,125.50417147522526,2.6105452774352957,8.813035590096888,0.0
0,42,N02,0,42.0,117.61333232800698,117.61333232800698,125.50417147522526,127.91951245337384,2.415340978148583,7.890839147218287,0.0
0,43,N02,0,43.0,118.99767621018836,118.99767621018836,127.91951245337384,131.3288682456108,3.409355792236977,8.921836243185481,0.0
0,44,N02,0,44.0,120.3958308943991,120.3958308943991,131.3288682456108,133.35396314156904,2.025094895958233,10.93303735121171,0.0
0,45,N02,0,45.0,122.69678964359281,122.69678964359281,133.35396314156904,135.92948317304524,2.5755200314762003,10.657173497976231,0.0
0,46,N02,0,46.0,124.75584046276802,124.75584046276802,135.92948317304524,140.6680903473602,4.738607174314936,11.173642710277221,0.0
0,47,N02,0,47.0,129.17130845148685,129.17130845148685,140.6680903473602,142.61627548271375,1.9481851353535626,11.49678189587334,0.0
0,48,N02,0,48.0,130.58884444389975,130.58884444389975,142.61627548271375,143.91437061983535,1.2980951371216156,12.027431038814,0.0
0,49,N02,0,49.0,132.5621783318143,132.5621783318143,143.91437061983535,149.27962494549357,5.365254325658216,11.352192288021058,0.0
0,50,N02,0,50.0,137.76041979839053,137.76041979839053,149.27962494549357,153.43655412514516,4.156929179651606,11.519205147103037,0.0
0,51,N02,0,51.0,139.38204677485743,139.38204677485743,153.43655412514516,156.68300684019397,3.246452715048812,14.054507350287736,0.0
0,52,N02,0,52.0,141.37297631921646,141.37297631921646,156.68300684019397,160.4588083146958,3.7758014745018404,15.310030520977506,0.0
0,53,N02,0,53.0,142.4805538465622,142.4805538465622,160.4588083146958,164.97534009387465,4.516531779178862,17.9782544681336,0.0
0,54,N02,0,54.0,144.77789792141738,144.77789792141738,164.97534009387465,168.50014883304863,3.524808739173982,20.197442172457272,0.0
0,55,N02,0,55.0,147.44254044585736,147.44254044585736,168.50014883304863,170.16477338444383,1.6646245513952043,21.057608387191266,0.0
0,56,N02,0,56.0,149.85094055755968,149.85094055755968,170.16477338444383,172.1955977480303,2.030824363586462,20.313832826884152,0.0
0,57,N02,0,57.0,154.58140634504593,154.58140634504593,172.1955977480303,173.38350618638881,1.1879084383585177,17.614191402984375,0.0
0,58,N02,0,58.0,156.27766574572348,156.27766574572348,173.38350618638881,175.12085103542546,1.7373448490366494,17.105840440665332,0.0
0,59,N02,0,59.0,161.98959962388875,161.98959962388875,175.12085103542546,179.2501151225572,4.129264087131721,13.13125141153671,0.0
0,0,N03,0,0.0,4.350024809685943,4.350024809685943,4.350024809685943,5.392491463887249,1.0424666542013066,0.0,0.0
0,1,N03,0,1.0,6.162462746622954,6.162462746622954,6.162462746622954,8.480642659121159,2.318179912498205,0.0,0.0
0,2,N03,0,2.0,8.375892932811485,8.375892932811485,8.480642659121159,9.88833217603026,1.4076895169091022,0.10474972630967372,0.0
0,3,N03,0,3.0,11.15361171901258,11.15361171901258,11.15361171901258,13.223129200982573,2.069517481969992,0.0,0.0
0,4,N03,0,4.0,14.719437450172556,14.719437450172556,14.719437450172556,16.639758455118304,1.9203210049457482,0.0,0.0
0,5,N03,0,5.0,19.464028981797366,19.464028981797366,19.464028981797366,23.162694795507882,3.6986658137105155,0.0,0.0
0,6,N03,0,6.0,23.3350074345019,23.3350074345019,23.3350074345019,24.688504481474574,1.3534970469726733,0.0,0.0
0,7,N03,0,7.0,29.173246341343514,29.173246341343514,29.173246341343514,31.778042524463896,2.6047961831203805,0.0,0.0
0,8,N03,0,8.0,30.555793884570793,30.555793884570793,31.778042524463896,33.742909782460025,1.9648672579961313,1.2222486398931025,0.0
0,9,N03,0,9.0,31.8418326358456,31.8418326358456,33.742909782460025,35.63135555842901,1.888445775968979,1.9010771466144263,0.0
0,10,N03,0,10.0,37.90525853037721,37.90525853037721,37.90525853037721,40.73053470874721,2.8252761783699945,0.0,0.0
0,11,N03,0,11.0,40.272418037412194,40.272418037412194,40.73053470874721,41.771762912963545,1.0412282042163379,0.4581166713350129,0.0
0,12,N03,0,12.0,42.412832103602085,42.412832103602085,42.412832103602085,45.456780251237156,3.0439481476350707,0.0,0.0
0,13,N03,0,13.0,46.908675766391084,46.908675766391084,46.908675766391084,51.44374183371314,4.535066067322055,0.0,0.0
0,14,N03,0,14.0,48.15956908165988,48.15956908165988,51.44374183371314,54.0034534589898,2.559711625276663,3.2841727520532586,0.0
0,15,N03,0,15.0,52.81941362264856,52.81941362264856,54.0034534589898,56.807875368224174,2.804421909234368,1.1840398363412419,0.0
0,16,N03,0,16.0,56.61966174950448,56.61966174950448,56.807875368224174,60.74430689753941,3.9364315293152354,0.18821361871969344,0.0
0,17,N03,0,17.0,58.823357478734586,58.823357478734586,60.74430689753941,63.07821363023682,2.3339067326974057,1.920949418804824,0.0
0,18,N03,0,18.0,61.59135661602802,61.59135661602802,63.07821363023682,65.27278017766761,2.194566547430792,1.4868570142087947,0.0
0,19,N03,0,19.0,66.22736256640404,66.22736256640404,66.22736256640404,69.48338498494871,3.2560224185446685,0.0,0.0
0,20,N03,0,20.0,69.22898488181733,69.22898488181733,69.48338498494871,71.27866624564186,1.795281260693143,0.2544001031313883,0.0
0,21,N03,0,21.0,72.25203247427282,72.25203247427282,72.25203247427282,76.49169759131885,4.239665117046029,0.0,0.0
0,22,N03,0,22.0,74.9449148165204,74.9449148165204,76.49169759131885,81.0152743912616,4.523576799942745,1.5467827747984586,0.0
0,23,N03,0,23.0,77.89834559400786,77.89834559400786,81.0152743912616,85.28130962077711,4.266035229515513,3.1169287972537347,0.0
0,24,N03,0,24.0,80.00492414137871,80.00492414137871,85.28130962077711,88.8354065875959,3.5540969668187854,5.2763854793983995,0.0
0,25,N03,0,25.0,81.67709473514624,81.67709473514624,88.8354065875959,91.61132151394416,2.7759149263482596,7.158311852449657,0.0
0,26,N03,0,26.0,85.04316660170137,85.04316660170137,91.61132151394416,100.1465562962614,8.53523478231723,6.56815491224279,0.0
0,27,N03,0,27.0,86.52151317617827,86.52151317617827,100.1465562962614,101.67882612365199,1.5322698273905955,13.62504312008312,0.0
0,28,N03,0,28.0,88.84281502843464,88.84281502843464,101.67882612365199,102.90371020219962,1.2248840785476371,12.836011095217344,0.0
0,29,N03,0,29.0,91.75513732357254,91.75513732357254,102.90371020219962,104.65440815754016,1.7506979553405473,11.148572878627078,0.0
0,30,N03,0,30.0,94.46181701927583,94.46181701927583,104.65440815754016,107.15017439414441,2.4957662366042532,10.192591138264333,0.0
0,31,N03,0,31.0,96.17858986038223,96.17858986038223,107.15017439414441,109.73941140548627,2.589237011341847,10.971584533762183,0.0
0,32,N03,0,32.0,99.26584050778062,99.26584050778062,109.73941140548627,111.71494172387379,1.975530318387528,10.473570897705642,0.0
0,33,N03,0,33.0,101.76849761754815,101.76849761754815,111.71494172387379,113.68545765624758,1.970515932373791,9.946444106325643,0.0
0,34,N03,0,34.0,104.02698120043547,104.02698120043547,113.68545765624758,116.82531149972449,3.13985384347692,9.658476455812107,0.0
0,35,N03,0,35.0,105.58938626710687,105.58938626710687,116.82531149972449,118.11873715372268,1.2934256539981888,11.235925232617618,0.0
0,36,N03,0,36.0,107.36927705102812,107.36927705102812,118.11873715372268,121.14110963136315,3.022372477640468,10.749460102694556,0.0
0,37,N03,0,37.0,110.23804080800754,110.23804080800754,121.14110963136315,123.48350465075848,2.3423950193953256,10.90306882335561,0.0
0,38,N03,0,38.0,111.39805081873114,111.39805081873114,123.48350465075848,125.16852245344992,1.685017802691449,12.08545383202734,0.0
0,39,N03,0,39.0,117.51631564959968,117.51631564959968,125.16852245344992,128.76703142049735,3.598508967047436,7.652206803850248,0.0
0,40,N03,0,40.0,122.89362619778997,122.89362619778997,128.76703142049735,132.6185078009351,3.851476380437762,5.873405222707376,0.0
0,41,N03,0,41.0,125.50417147522526,125.50417147522526,132.6185078009351,135.7795373234771,3.161029522541993,7.114336325709843,0.0
0,42,N03,0,42.0,127.91951245337384,127.91951245337384,135.7795373234771,137.01438247766052,1.2348451541834398,7.860024870103246,0.0
0,43,N03,0,43.0,131.3288682456108,131.3288682456108,137.01438247766052,141.07204832588462,4.057665848224107,5.685514232049712,0.0
0,44,N03,0,44.0,133.35396314156904,133.35396314156904,141.07204832588462,147.94563963198001,6.873591306095379,7.7180851843155835,0.0
0,45,N03,0,45.0,135.92948317304524,135.92948317304524,147.94563963198001,152.0641083035631,4.118468671583089,12.016156458934773,0.0
0,46,N03,0,46.0,140.6680903473602,140.6680903473602,152.0641083035631,157.42429499646235,5.360186692899256,11.396017956202911,0.0
0,47,N03,0,47.0,142.61627548271375,142.61627548271375,157.42429499646235,158.38420263122737,0.9599076347650213,14.808019513748604,0.0
0,48,N03,0,48.0,143.91437061983535,143.91437061983535,158.38420263122737,160.69205667067607,2.30785403944871,14.469832011392015,0.0
0,49,N03,0,49.0,149.27962494549357,149.27962494549357,160.69205667067607,162.33230206473533,1.6402453940592652,11.4124317251825,0.0
0,50,N03,0,50.0,153.43655412514516,153.43655412514516,162.33230206473533,165.91765673876228,3.5853546740269584,8.895747939590166,0.0
0,51,N03,0,51.0,156.68300684019397,156.68300684019397,165.91765673876228,171.53286703109475,5.61521029233247,9.234649898568307,0.0
0,52,N03,0,52.0,160.4588083146958,160.4588083146958,171.53286703109475,174.05368611072464,2.520819079629902,11.074058716398952,0.0
0,53,N03,0,53.0,164.97534009387465,164.97534009387465,174.05368611072464,176.90363282968036,2.8499467189557106,9.078346016849991,0.0
0,54,N03,0,54.0,168.50014883304863,168.50014883304863,176.90363282968036,178.95628152682903,2.0526486971486584,8.403483996631735,0.0
0,55,N03,0,55.0,170.16477338444383,170.16477338444383,178.95628152682903,181.2955273524332,2.339245825604171,8.791508142385197,0.0
0,56,N03,0,56.0,172.1955977480303,172.1955977480303,181.2955273524332,182.36581924572263,1.0702918932894256,9.099929604402888,0.0
0,57,N03,0,57.0,173.38350618638881,173.38350618638881,182.36581924572263,189.46009430576643,7.094275060043807,8.98231305933382,0.0
0,58,N03,0,58.0,175.12085103542546,175.12085103542546,189.46009430576643,192.27034703715552,2.8102527313890953,14.339243270340972,0.0
0,59,N03,0,59.0,179.2501151225572,179.2501151225572,192.27034703715552,195.36116971623275,3.0908226790772324,13.020231914598327,0.0
0,0,N04,0,0.0,5.392491463887249,5.392491463887249,5.392491463887249,7.10491792988318,1.7124264659959307,0.0,0.0
0,1,N04,0,1.0,8.480642659121159,8.480642659121159,8.480642659121159,10.29377164039629,1.8131289812751321,0.0,0.0
0,2,N04,0,2.0,9.88833217603026,9.88833217603026,10.29377164039629,12.690240404651144,2.3964687642548537,0.4054394643660295,0.0
0,3,N04,0,3.0,13.223129200982573,13.223129200982573,13.223129200982573,17.316031502806727,4.092902301824154,0.0,0.0
0,4,N04,0,4.0,16.639758455118304,16.639758455118304,17.316031502806727,19.448720269446643,2.1326887666399155,0.6762730476884222,0.0
0,5,N04,0,5.0,23.162694795507882,23.162694795507882,23.162694795507882,26.310662837835977,3.147968042328095,0.0,0.0
0,6,N04,0,6.0,24.688504481474574,24.688504481474574,26.310662837835977,29.378599645937967,3.067936808101989,1.6221583563614033,0.0
0,7,N04,0,7.0,31.778042524463896,31.778042524463896,31.778042524463896,36.437848926251874,4.659806401787976,0.0,0.0
0,8,N04,0,8.0,33.742909782460025,33.742909782460025,36.437848926251874,38.93996255594098,2.5021136296891084,2.6949391437918493,0.0
0,9,N04,0,9.0,35.63135555842901,35.63135555842901,38.93996255594098,42.54434551802647,3.604382962085487,3.3086069975119727,0.0
0,10,N04,0,10.0,40.73053470874721,40.73053470874721,42.54434551802647,44.38450683344478,1.8401613154183107,1.8138108092792606,0.0
0,11,N04,0,11.0,41.771762912963545,41.771762912963545,44.38450683344478,48.970498513875924,4.585991680431139,2.612743920481236,0.0
0,12,N04,0,12.0,45.456780251237156,45.456780251237156,48.970498513875924,50.47960415428042,1.5091056404044993,3.5137182626387684,0.0
0,13,N04,0,13.0,51.44374183371314,51.44374183371314,51.44374183371314,52.72934012028568,1.2855982865725386,0.0,0.0
0,14,N04,0,14.0,54.0034534589898,54.0034534589898,54.0034534589898,56.993621687630736,2.9901682286409343,0.0,0.0
0,15,N04,0,15.0,56.807875368224174,56.807875368224174,56.993621687630736,58.62995886649172,1.6363371788609835,0.1857463194065616,0.0
0,16,N04,0,16.0,60.74430689753941,60.74430689753941,60.74430689753941,63.71695762077829,2.9726507232388806,0.0,0.0
0,17,N04,0,17.0,63.07821363023682,63.07821363023682,63.71695762077829,64.90618101292675,1.1892233921484563,0.6387439905414709,0.0
0,18,N04,0,18.0,65.27278017766761,65.27278017766761,65.27278017766761,69.31234206719623,4.039561889528606,0.0,0.0
0,19,N04,0,19.0,69.48338498494871,69.48338498494871,69.48338498494871,72.3735132896801,2.8901283047313964,0.0,0.0
0,20,N04,0,20.0,71.27866624564186,71.27866624564186,72.3735132896801,75.48355779449474,3.110044504814639,1.0948470440382465,0.0
0,21,N04,0,21.0,76.49169759131885,76.49169759131885,76.49169759131885,78.86832946610585,2.3766318747869914,0.0,0.0
0,22,N04,0,22.0,81.0152743912616,81.0152743912616,81.0152743912616,82.40193843870125,1.3866640474396528,0.0,0.0
0,23,N04,0,23.0,85.28130962077711,85.28130962077711,85.28130962077711,88.44681239783603,3.165502777058913,0.0,0.0
0,24,N04,0,24.0,88.8354065875959,88.8354065875959,88.8354065875959,89.84213969224888,1.0067331046529768,0.0,0.0
0,25,N04,0,25.0,91.61132151394416,91.61132151394416,91.61132151394416,93.66645096950994,2.0551294555657704,0.0,0.0
0,26,N04,0,26.0,100.1465562962614,100.1465562962614,100.1465562962614,103.05165445347669,2.905098157215292,0.0,0.0
0,27,N04,0,27.0,101.67882612365199,101.67882612365199,103.05165445347669,104.12048790167134,1.068833448194658,1.3728283298246993,0.0
0,28,N04,0,28.0,102.90371020219962,102.90371020219962,104.12048790167134,107.02395193979453,2.903464038123186,1.21677769947172,0.0
0,29,N04,0,29.0,104.65440815754016,104.65440815754016,107.02395193979453,110.76797688948734,3.7440249496928177,2.369543782254368,0.0
0,30,N04,0,30.0,107.15017439414441,107.15017439414441,110.76797688948734,123.73231317068498,12.964336281197637,3.6178024953429286,0.0
0,31,N04,0,31.0,109.73941140548627,109.73941140548627,123.73231317068498,127.11681927694448,3.3845061062595128,13.99290176519871,0.0
0,32,N04,0,32.0,111.71494172387379,111.71494172387379,127.11681927694448,131.20055478872848,4.083735511783987,15.40187755307069,0.0
0,33,N04,0,33.0,113.68545765624758,113.68545765624758,131.20055478872848,135.22654580017215,4.025991011443673,17.515097132480903,0.0
0,34,N04,0,34.0,116.82531149972449,116.82531149972449,135.22654580017215,137.96461679105943,2.7380709908872936,18.401234300447655,0.0
0,35,N04,0,35.0,118.11873715372268,118.11873715372268,137.96461679105943,141.98036749432785,4.01575070326843,19.84587963733675,0.0
0,36,N04,0,36.0,121.14110963136315,121.14110963136315,141.98036749432785,144.9415351510626,2.9611676567347467,20.8392578629647,0.0
0,37,N04,0,37.0,123.48350465075848,123.48350465075848,144.9415351510626,147.24812486969068,2.306589718628092,21.45803050030412,0.0
0,38,N04,0,38.0,125.16852245344992,125.16852245344992,147.24812486969068,150.54961353404303,3.3014886643523536,22.07960241624076,0.0
0,39,N04,0,39.0,128.76703142049735,128.76703142049735,150.54961353404303,154.04383480883806,3.4942212747950196,21.782582113545686,0.0
0,40,N04,0,40.0,132.6185078009351,132.6185078009351,154.04383480883806,155.9887068120229,1.9448720031848492,21.42532700790295,0.0
0,41,N04,0,41.0,135.7795373234771,135.7795373234771,155.9887068120229,158.99211238719576,3.0034055751728523,20.209169488545825,0.0
0,42,N04,0,42.0,137.01438247766052,137.01438247766052,158.99211238719576,160.21954421870413,1.2274318315083832,21.977729909535242,0.0
0,43,N04,0,43.0,141.07204832588462,141.07204832588462,160.21954421870413,163.56055568754945,3.34101146884531,19.147495892819506,0.0
0,44,N04,0,44.0,147.94563963198001,147.94563963198001,163.56055568754945,165.16556255002328,1.6050068624738205,15.614916055569438,0.0
0,45,N04,0,45.0,152.0641083035631,152.0641083035631,165.16556255002328,166.79528826066604,1.629725710642758,13.101454246460179,0.0
0,46,N04,0,46.0,157.42429499646235,157.42429499646235,166.79528826066604,171.81008543411252,5.014797173446489,9.37099326420369,0.0
0,47,N04,0,47.0,158.38420263122737,158.38420263122737,171.81008543411252,173.3377668784766,1.5276814443640734,13.425882802885155,0.0
0,48,N04,0,48.0,160.69205667067607,160.69205667067607,173.3377668784766,177.02632652733533,3.6885596488587344,12.645710207800533,0.0
0,49,N04,0,49.0,162.33230206473533,162.33230206473533,177.02632652733533,178.73533736994466,1.7090108426093285,14.694024462599998,0.0
0,50,N04,0,50.0,165.91765673876228,165.91765673876228,178.73533736994466,183.90844210677727,5.173104736832621,12.817680631182384,0.0
0,51,N04,0,51.0,171.53286703109475,171.53286703109475,183.90844210677727,185.1984684734845,1.2900263667072325,12.37557507568252,0.0
0,52,N04,0,52.0,174.05368611072464,174.05368611072464,185.1984684734845,187.57475998336304,2.376291509878546,11.144782362759855,0.0
0,53,N04,0,53.0,176.90363282968036,176.90363282968036,187.57475998336304,189.49768502439522,1.9229250410321843,10.671127153682676,0.0
0,54,N04,0,54.0,178.95628152682903,178.95628152682903,189.49768502439522,192.87857713841922,3.3808921140239923,10.541403497566193,0.0
0,55,N04,0,55.0,181.2955273524332,181.2955273524332,192.87857713841922,197.08666660989184,4.208089471472612,11.58304978598602,0.0
0,56,N04,0,56.0,182.36581924572263,182.36581924572263,197.08666660989184,199.3348047459684,2.2481381360765536,14.720847364169202,0.0
0,57,N04,0,57.0,189.46009430576643,189.46009430576643,199.3348047459684,203.48986847798585,4.155063732017444,9.874710440201966,0.0
0,58,N04,0,58.0,192.27034703715552,192.27034703715552,203.48986847798585,204.65825292094848,1.1683844429626264,11.219521440830334,0.0
0,59,N04,0,59.0,195.36116971623275,195.36116971623275,204.65825292094848,208.29057189159482,3.632318970646334,9.297083204715733,0.0
0,0,N05,0,0.0,7.10491792988318,7.10491792988318,7.10491792988318,10.701278043804505,3.5963601139213255,0.0,0.0
0,1,N05,0,1.0,10.29377164039629,10.29377164039629,10.701278043804505,13.785484682048628,3.084206638244122,0.407506403408215,0.0
0,2,N05,0,2.0,12.690240404651144,12.690240404651144,13.785484682048628,16.731389343254634,2.9459046612060042,1.0952442773974838,0.0
0,3,N05,0,3.0,17.316031502806727,17.316031502806727,17.316031502806727,19.180636955511297,1.8646054527045701,0.0,0.0
0,4,N05,0,4.0,19.448720269446643,19.448720269446643,19.448720269446643,23.686169067132425,4.237448797685782,0.0,0.0
0,5,N05,0,5.0,26.310662837835977,26.310662837835977,26.310662837835977,28.79617826189543,2.485515424059453,0.0,0.0
0,6,N05,0,6.0,29.378599645937967,29.378599645937967,29.378599645937967,31.13189415435939,1.7532945084214238,0.0,0.0
0,7,N05,0,7.0,36.437848926251874,36.437848926251874,36.437848926251874,38.638868394482,2.2010194682301276,0.0,0.0
0,8,N05,0,8.0,38.93996255594098,38.93996255594098,38.93996255594098,41.26759197574446,2.327629419803482,0.0,0.0
0,9,N05,0,9.0,42.54434551802647,42.54434551802647,42.54434551802647,44.15719682192415,1.6128513038976855,0.0,0.0
0,10,N05,0,10.0,44.38450683344478,44.38450683344478,44.38450683344478,45.60600017308278,1.2214933396379994,0.0,0.0
0,11,N05,0,11.0,48.970498513875924,48.970498513875924,48.970498513875924,51.70958798788514,2.739089474009217,0.0,0.0
0,12,N05,0,12.0,50.47960415428042,50.47960415428042,51.70958798788514,57.47247634864652,5.762888360761379,1.2299838336047202,0.0
0,13,N05,0,13.0,52.72934012028568,52.72934012028568,57.47247634864652,61.1742219843658,3.7017456357192806,4.7431362283608465,0.0
0,14,N05,0,14.0,56.993621687630736,56.993621687630736,61.1742219843658,65.34996092695067,4.175738942584867,4.180600296735065,0.0
0,15,N05,0,15.0,58.62995886649172,58.62995886649172,65.34996092695067,68.07944896046043,2.7294880335097553,6.7200020604589525,0.0
0,16,N05,0,16.0,63.71695762077829,63.71695762077829,68.07944896046043,71.54165123537427,3.4622022749138535,4.362491339682137,0.0
0,17,N05,0,17.0,64.90618101292675,64.90618101292675,71.54165123537427,73.4001860121185,1.8585347767442244,6.635470222447523,0.0
0,18,N05,0,18.0,69.31234206719623,69.31234206719623,73.4001860121185,76.76763808190448,3.3674520697859767,4.08784394492227,0.0
0,19,N05,0,19.0,72.3735132896801,72.3735132896801,76.76763808190448,82.47903166317882,5.711393581274336,4.394124792224375,0.0
0,20,N05,0,20.0,75.48355779449474,75.48355779449474,82.47903166317882,83.36716388718433,0.8881322240055189,6.995473868684073,0.0
0,21,N05,0,21.0,78.86832946610585,78.86832946610585,83.36716388718433,85.05888760908539,1.6917237219010532,4.4988344210784845,0.0
0,22,N05,0,22.0,82.40193843870125,82.40193843870125,85.05888760908539,87.1525505547611,2.093662945675716,2.656949170384138,0.0
0,23,N05,0,23.0,88.44681239783603,88.44681239783603,88.44681239783603,90.78684594089557,2.340033543059545,0.0,0.0
0,24,N05,0,24.0,89.84213969224888,89.84213969224888,90.78684594089557,93.16128142811893,2.3744354872233497,0.9447062486466962,0.0
0,25,N05,0,25.0,93.66645096950994,93.66645096950994,93.66645096950994,95.2150158810009,1.5485649114909628,0.0,0.0
0,26,N05,0,26.0,103.05165445347669,103.05165445347669,103.05165445347669,104.56668340678829,1.515028953311604,0.0,0.0
0,27,N05,0,27.0,104.12048790167134,104.12048790167134,104.56668340678829,107.89265567262838,3.325972265840088,0.44619550511694683,0.0
0,28,N05,0,28.0,107.02395193979453,107.02395193979453,107.89265567262838,109.28612904435086,1.3934733717224843,0.8687037328338505,0.0
0,29,N05,0,29.0,110.76797688948734,110.76797688948734,110.76797688948734,112.4381096833825,1.670132793895165,0.0,0.0
0,30,N05,0,30.0,123.73231317068498,123.73231317068498,123.73231317068498,125.26332131471418,1.5310081440292056,0.0,0.0
0,31,N05,0,31.0,127.11681927694448,127.11681927694448,127.11681927694448,129.08592145337371,1.9691021764292176,0.0,0.0
0,32,N05,0,32.0,131.20055478872848,131.20055478872848,131.20055478872848,134.25383530537678,3.0532805166483024,0.0,0.0
0,33,N05,0,33.0,135.22654580017215,135.22654580017215,135.22654580017215,138.3686245980755,3.142078797903377,0.0,0.0
0,34,N05,0,34.0,137.96461679105943,137.96461679105943,138.3686245980755,139.78483067226057,1.4162060741850693,0.40400780701608596,0.0
0,35,N05,0,35.0,141.98036749432785,141.98036749432785,141.98036749432785,146.25234180367323,4.2719743093453895,0.0,0.0
0,36,N05,0,36.0,144.9415351510626,144.9415351510626,146.25234180367323,147.21182048115892,0.9594786774856908,1.310806652610637,0.0
0,37,N05,0,37.0,147.24812486969068,147.24812486969068,147.24812486969068,149.58520861470652,2.337083745015844,0.0,0.0
0,38,N05,0,38.0,150.54961353404303,150.54961353404303,150.54961353404303,152.75533775276057,2.205724218717543,0.0,0.0
0,39,N05,0,39.0,154.04383480883806,154.04383480883806,154.04383480883806,156.02648990479472,1.9826550959566678,0.0,0.0
0,40,N05,0,40.0,155.9887068120229,155.9887068120229,156.02648990479472,158.59235551692572,2.5658656121310046,0.037783092771803695,0.0
0,41,N05,0,41.0,158.99211238719576,158.99211238719576,158.99211238719576,160.31514356936782,1.3230311821720728,0.0,0.0
0,42,N05,0,42.0,160.21954421870413,160.21954421870413,160.31514356936782,163.1836763088936,2.8685327395257856,0.09559935066369007,0.0
0,43,N05,0,43.0,163.56055568754945,163.56055568754945,163.56055568754945,166.50641124592988,2.9458555583804276,0.0,0.0
0,44,N05,0,44.0,165.16556255002328,165.16556255002328,166.50641124592988,168.22122686611547,1.7148156201856015,1.340848695906601,0.0
0,45,N05,0,45.0,166.79528826066604,166.79528826066604,168.22122686611547,170.40125953383833,2.1800326677228585,1.4259386054494314,0.0
0,46,N05,0,46.0,171.81008543411252,171.81008543411252,171.81008543411252,173.2414413415346,1.4313559074220705,0.0,0.0
0,47,N05,0,47.0,173.3377668784766,173.3377668784766,173.3377668784766,175.22664229086243,1.8888754123858182,0.0,0.0
0,48,N05,0,48.0,177.02632652733533,177.02632652733533,177.02632652733533,178.24358227262823,1.2172557452929114,0.0,0.0
0,49,N05,0,49.0,178.73533736994466,178.73533736994466,178.73533736994466,179.75396705150345,1.018629681558793,0.0,0.0
0,50,N05,0,50.0,183.90844210677727,183.90844210677727,183.90844210677727,186.66446512047534,2.7560230136980635,0.0,0.0
0,51,N05,0,51.0,185.1984684734845,185.1984684734845,186.66446512047534,189.48165777380558,2.817192653330249,1.4659966469908454,0.0
0,52,N05,0,52.0,187.57475998336304,187.57475998336304,189.48165777380558,191.62317044049288,2.141512666687318,1.9068977904425424,0.0
0,53,N05,0,53.0,189.49768502439522,189.49768502439522,191.62317044049288,193.78085000974747,2.1576795692545763,2.1254854160976606,0.0
0,54,N05,0,54.0,192.87857713841922,192.87857713841922,193.78085000974747,197.06449311492645,3.2836431051789825,0.9022728713282504,0.0
0,55,N05,0,55.0,197.08666660989184,197.08666660989184,197.08666660989184,199.97202002877697,2.885353418885123,0.0,0.0
0,56,N05,0,56.0,199.3348047459684,199.3348047459684,199.97202002877697,203.99576931327195,4.023749284494971,0.6372152828085689,0.0
0,57,N05,0,57.0,203.48986847798585,203.48986847798585,203.99576931327195,205.4037234660041,1.4079541527321469,0.5059008352860985,0.0
0,58,N05,0,58.0,204.65825292094848,204.65825292094848,205.4037234660041,207.44013167590882,2.036408209904724,0.7454705450556105,0.0
0,59,N05,0,59.0,208.29057189159482,208.29057189159482,208.29057189159482,210.9191300684025,2.628558176807685,0.0,0.0
0,0,N06,0,0.0,10.701278043804505,10.701278043804505,10.701278043804505,16.997709841161715,6.296431797357208,0.0,0.0
0,1,N06,0,1.0,13.785484682048628,13.785484682048628,16.997709841161715,28.15607560847854,11.158365767316827,3.2122251591130873,0.0
0,2,N06,0,2.0,16.731389343254634,16.731389343254634,28.15607560847854,31.741277051443916,3.585201442965375,11.424686265223908,0.0
0,3,N06,0,3.0,19.180636955511297,19.180636955511297,31.741277051443916,38.56131852964433,6.820041478200419,12.56064009593262,0.0
0,4,N06,0,4.0,23.686169067132425,23.686169067132425,38.56131852964433,42.12570145032914,3.5643829206848063,14.875149462511907,0.0
0,5,N06,0,5.0,28.79617826189543,28.79617826189543,42.12570145032914,50.31158280572916,8.185881355400017,13.329523188433708,0.0
0,6,N06,0,6.0,31.13189415435939,31.13189415435939,50.31158280572916,55.125595851962906,4.814013046233744,19.17968865136977,0.0
0,7,N06,0,7.0,38.638868394482,38.638868394482,55.125595851962906,59.433875698775275,4.308279846812371,16.486727457480903,0.0
0,8,N06,0,8.0,41.26759197574446,41.26759197574446,59.433875698775275,61.80601357044546,2.372137871670182,18.166283723030816,0.0
0,9,N06,0,9.0,44.15719682192415,44.15719682192415,61.80601357044546,64.66519339293185,2.859179822486391,17.648816748521305,0.0
0,10,N06,0,10.0,45.60600017308278,45.60600017308278,64.66519339293185,70.080218367051,5.415024974119146,19.05919321984907,0.0
0,11,N06,0,11.0,51.70958798788514,51.70958798788514,70.080218367051,71.15075150499696,1.070533137945962,18.37063037916586,0.0
0,12,N06,0,12.0,57.47247634864652,57.47247634864652,71.15075150499696,76.36208613400615,5.211334629009193,13.678275156350438,0.0
0,13,N06,0,13.0,61.1742219843658,61.1742219843658,76.36208613400615,80.94424980869657,4.58216367469042,15.187864149640347,0.0
0,14,N06,0,14.0,65.34996092695067,65.34996092695067,80.94424980869657,90.75423995152127,9.809990142824702,15.594288881745896,0.0
0,15,N06,0,15.0,68.07944896046043,68.07944896046043,90.75423995152127,92.73699096300496,1.9827510114836806,22.674790991060846,0.0
0,16,N06,0,16.0,71.54165123537427,71.54165123537427,92.73699096300496,99.90102367839727,7.164032715392303,21.19533972763068,0.0
0,17,N06,0,17.0,73.4001860121185,73.4001860121185,99.90102367839727,102.12009421142028,2.219070533023009,26.50083766627877,0.0
0,18,N06,0,18.0,76.76763808190448,76.76763808190448,102.12009421142028,105.8146309428363,3.694536731416018,25.3524561295158,0.0
0,19,N06,0,19.0,82.47903166317882,82.47903166317882,105.8146309428363,108.73430369921488,2.919672756378579,23.335599279657487,0.0
0,20,N06,0,20.0,83.36716388718433,83.36716388718433,108.73430369921488,113.34724141042071,4.612937711205835,25.367139812030544,0.0
0,21,N06,0,21.0,85.05888760908539,85.05888760908539,113.34724141042071,116.21090718510207,2.863665774681363,28.28835380133532,0.0
0,22,N06,0,22.0,87.1525505547611,87.1525505547611,116.21090718510207,132.11751862904586,15.906611443943786,29.058356630340967,0.0
0,23,N06,0,23.0,90.78684594089557,90.78684594089557,132.11751862904586,138.6827640992879,6.565245470242051,41.33067268815029,0.0
0,24,N06,0,24.0,93.16128142811893,93.16128142811893,138.6827640992879,141.63315985117586,2.9503957518879407,45.52148267116898,0.0
0,25,N06,0,25.0,95.2150158810009,95.2150158810009,141.63315985117586,152.17869302912112,10.545533177945272,46.41814397017497,0.0
0,26,N06,0,26.0,104.56668340678829,104.56668340678829,152.17869302912112,165.86288569279816,13.684192663677031,47.612009622332835,0.0
0,27,N06,0,27.0,107.89265567262838,107.89265567262838,165.86288569279816,170.2149708082835,4.352085115485365,57.97023002016978,0.0
0,28,N06,0,28.0,109.28612904435086,109.28612904435086,170.2149708082835,172.08355392310105,1.8685831148175298,60.92884176393265,0.0
0,29,N06,0,29.0,112.4381096833825,112.4381096833825,172.08355392310105,179.14988610816818,7.066332185067118,59.64544423971854,0.0
0,30,N06,0,30.0,125.26332131471418,125.26332131471418,179.14988610816818,183.8139958392925,4.6641097311243,53.886564793454,0.0
0,31,N06,0,31.0,129.08592145337371,129.08592145337371,183.8139958392925,187.72502262340913,3.9110267841166553,54.728074385918774,0.0
0,32,N06,0,32.0,134.25383530537678,134.25383530537678,187.72502262340913,191.16582767866214,3.440805055253017,53.47118731803235,0.0
0,33,N06,0,33.0,138.3686245980755,138.3686245980755,191.16582767866214,193.8407356831589,2.674908004496751,52.79720308058663,0.0
0,34,N06,0,34.0,139.78483067226057,139.78483067226057,193.8407356831589,204.68146099402247,10.840725310863585,54.05590501089833,0.0
0,35,N06,0,35.0,146.25234180367323,146.25234180367323,204.68146099402247,207.47342063440254,2.791959640380057,58.42911919034924,0.0
0,36,N06,0,36.0,147.21182048115892,147.21182048115892,207.47342063440254,211.0428586350581,3.569438000655562,60.26160015324362,0.0
0,37,N06,0,37.0,149.58520861470652,149.58520861470652,211.0428586350581,212.57765618877434,1.5347975537162286,61.45765002035159,0.0
0,38,N06,0,38.0,152.75533775276057,152.75533775276057,212.57765618877434,215.46218995306023,2.8845337642859006,59.822318436013774,0.0
0,39,N06,0,39.0,156.02648990479472,156.02648990479472,215.46218995306023,225.88725631906658,10.425066366006343,59.43570004826552,0.0
0,40,N06,0,40.0,158.59235551692572,158.59235551692572,225.88725631906658,231.26175062643838,5.374494307371796,67.29490080214086,0.0
0,41,N06,0,41.0,160.31514356936782,160.31514356936782,231.26175062643838,233.29508347139512,2.03333284495673,70.94660705707057,0.0
0,42,N06,0,42.0,163.1836763088936,163.1836763088936,233.29508347139512,238.42525584746403,5.130172376068927,70.11140716250151,0.0
0,43,N06,0,43.0,166.50641124592988,166.50641124592988,238.42525584746403,240.70940469923835,2.284148851774331,71.91884460153415,0.0
0,44,N06,0,44.0,168.22122686611547,168.22122686611547,240.70940469923835,243.04253340282924,2.3331287035908774,72.48817783312288,0.0
0,45,N06,0,45.0,170.40125953383833,170.40125953383833,243.04253340282924,251.26172419506628,8.219190792237033,72.64127386899091,0.0
0,46,N06,0,46.0,173.2414413415346,173.2414413415346,251.26172419506628,255.33217865361047,4.070454458544177,78.02028285353168,0.0
0,47,N06,0,47.0,175.22664229086243,175.22664229086243,255.33217865361047,258.90764354317133,3.5754648895608425,80.10553636274804,0.0
0,48,N06,0,48.0,178.24358227262823,178.24358227262823,258.90764354317133,261.49343746754073,2.585793924369422,80.6640612705431,0.0
0,49,N06,0,49.0,179.75396705150345,179.75396705150345,261.49343746754073,264.3620348465618,2.868597379021089,81.73947041603728,0.0
0,50,N06,0,50.0,186.66446512047534,186.66446512047534,264.3620348465618,268.4772834035216,4.1152485569597825,77.69756972608647,0.0
0,51,N06,0,51.0,189.48165777380558,189.48165777380558,268.4772834035216,270.39029255846833,1.9130091549467296,78.99562562971602,0.0
0,52,N06,0,52.0,191.62317044049288,191.62317044049288,270.39029255846833,273.8024956677544,3.412203109286062,78.76712211797545,0.0
0,53,N06,0,53.0,193.78085000974747,193.78085000974747,273.8024956677544,276.7435745018182,2.94107883406382,80.02164565800692,0.0
0,54,N06,0,54.0,197.06449311492645,197.06449311492645,276.7435745018182,284.30539447989264,7.561819978074397,79.67908138689177,0.0
0,55,N06,0,55.0,199.97202002877697,199.97202002877697,284.30539447989264,290.7373451106748,6.431950630782155,84.33337445111567,0.0
0,56,N06,0,56.0,203.99576931327195,203.99576931327195,290.7373451106748,292.9980904290669,2.260745318392089,86.74157579740287,0.0
0,57,N06,0,57.0,205.4037234660041,205.4037234660041,292.9980904290669,297.7655485783865,4.767458149319585,87.59436696306281,0.0
0,58,N06,0,58.0,207.44013167590882,207.44013167590882,297.7655485783865,304.0047520448881,6.239203466501616,90.32541690247766,0.0
0,59,N06,0,59.0,210.9191300684025,210.9191300684025,304.0047520448881,308.163048676433,4.158296631544866,93.08562197648561,0.0
0,0,N07,0,0.0,16.997709841161715,16.997709841161715,16.997709841161715,18.816450301469086,1.8187404603073696,0.0,0.0
0,1,N07,0,1.0,28.15607560847854,28.15607560847854,28.15607560847854,30.780590964434268,2.6245153559557255,0.0,0.0
0,2,N07,0,2.0,31.741277051443916,31.741277051443916,31.741277051443916,33.70701464624242,1.9657375947985067,0.0,0.0
0,3,N07,0,3.0,38.56131852964433,38.56131852964433,38.56131852964433,42.136439408205554,3.5751208785612207,0.0,0.0
0,4,N07,0,4.0,42.12570145032914,42.12570145032914,42.136439408205554,46.98235022674035,4.8459108185348,0.010737957876415294,0.0
0,5,N07,0,5.0,50.31158280572916,50.31158280572916,50.31158280572916,51.696116576195,1.3845337704658411,0.0,0.0
0,6,N07,0,6.0,55.125595851962906,55.125595851962906,55.125595851962906,57.06626567409809,1.9406698221351835,0.0,0.0
0,7,N07,0,7.0,59.433875698775275,59.433875698775275,59.433875698775275,60.56075695107811,1.1268812523028364,0.0,0.0
0,8,N07,0,8.0,61.80601357044546,61.80601357044546,61.80601357044546,69.49994448538887,7.693930914943404,0.0,0.0
0,9,N07,0,9.0,64.66519339293185,64.66519339293185,69.49994448538887,71.91398401650812,2.41403953111926,4.834751092457012,0.0
0,10,N07,0,10.0,70.080218367051,70.080218367051,71.91398401650812,75.07723158435945,3.1632475678513283,1.8337656494571206,0.0
0,11,N07,0,11.0,71.15075150499696,71.15075150499696,75.07723158435945,77.3489166085155,2.271685024156048,3.9264800793624914,0.0
0,12,N07,0,12.0,76.36208613400615,76.36208613400615,77.3489166085155,78.63976567471008,1.290849066194584,0.9868304745093468,0.0
0,13,N07,0,13.0,80.94424980869657,80.94424980869657,80.94424980869657,81.79132854690901,0.8470787382124426,0.0,0.0
0,14,N07,0,14.0,90.75423995152127,90.75423995152127,90.75423995152127,94.3529829769473,3.598743025426037,0.0,0.0
0,15,N07,0,15.0,92.73699096300496,92.73699096300496,94.3529829769473,97.12217432761649,2.769191350669184,1.6159920139423463,0.0
0,16,N07,0,16.0,99.90102367839727,99.90102367839727,99.90102367839727,102.89762631866168,2.9966026402644133,0.0,0.0
0,17,N07,0,17.0,102.12009421142028,102.12009421142028,102.89762631866168,104.19892144577618,1.3012951271145001,0.7775321072413988,0.0
0,18,N07,0,18.0,105.8146309428363,105.8146309428363,105.8146309428363,107.11855557818227,1.3039246353459655,0.0,0.0
0,19,N07,0,19.0,108.73430369921488,108.73430369921488,108.73430369921488,110.85036363671944,2.1160599375045557,0.0,0.0
0,20,N07,0,20.0,113.34724141042071,113.34724141042071,113.34724141042071,118.68862305835403,5.3413816479333125,0.0,0.0
0,21,N07,0,21.0,116.21090718510207,116.21090718510207,118.68862305835403,120.61043041367274,1.9218073553187223,2.4777158732519524,0.0
0,22,N07,0,22.0,132.11751862904586,132.11751862904586,132.11751862904586,134.16192356140417,2.0444049323583102,0.0,0.0
0,23,N07,0,23.0,138.6827640992879,138.6827640992879,138.6827640992879,142.22782847199693,3.545064372709023,0.0,0.0
0,24,N07,0,24.0,141.63315985117586,141.63315985117586,142.22782847199693,144.706872148963,2.4790436769660515,0.5946686208210679,0.0
0,25,N07,0,25.0,152.17869302912112,152.17869302912112,152.17869302912112,154.80789722016257,2.629204191041462,0.0,0.0
0,26,N07,0,26.0,165.86288569279816,165.86288569279816,165.86288569279816,166.91250673576647,1.0496210429682986,0.0,0.0
0,27,N07,0,27.0,170.2149708082835,170.2149708082835,170.2149708082835,172.2349036363832,2.0199328280996696,0.0,0.0
0,28,N07,0,28.0,172.08355392310105,172.08355392310105,172.2349036363832,175.19715372753845,2.9622500911552576,0.1513497132821442,0.0
0,29,N07,0,29.0,179.14988610816818,179.14988610816818,179.14988610816818,180.25916554575423,1.109279437586045,0.0,0.0
0,30,N07,0,30.0,183.8139958392925,183.8139958392925,183.8139958392925,185.648038185842,1.8340423465495357,0.0,0.0
0,31,N07,0,31.0,187.72502262340913,187.72502262340913,187.72502262340913,189.09554858452657,1.3705259611174436,0.0,0.0
0,32,N07,0,32.0,191.16582767866214,191.16582767866214,191.16582767866214,195.16194614367086,3.996118465008712,0.0,0.0
0,33,N07,0,33.0,193.8407356831589,193.8407356831589,195.16194614367086,199.81275451434362,4.65080837067276,1.3212104605119634,0.0
0,34,N07,0,34.0,204.68146099402247,204.68146099402247,204.68146099402247,206.2689011392859,1.5874401452634372,0.0,0.0
0,35,N07,0,35.0,207.47342063440254,207.47342063440254,207.47342063440254,209.39372762451734,1.9203069901147845,0.0,0.0
0,36,N07,0,36.0,211.0428586350581,211.0428586350581,211.0428586350581,213.36940094769562,2.326542312637506,0.0,0.0
0,37,N07,0,37.0,212.57765618877434,212.57765618877434,213.36940094769562,217.14665946622705,3.7772585185314265,0.7917447589212827,0.0
0,38,N07,0,38.0,215.46218995306023,215.46218995306023,217.14665946622705,218.3347525230068,1.188093056779754,1.6844695131668175,0.0
0,39,N07,0,39.0,225.88725631906658,225.88725631906658,225.88725631906658,230.8428946890531,4.9556383699865405,0.0,0.0
0,40,N07,0,40.0,231.26175062643838,231.26175062643838,231.26175062643838,233.59456608345818,2.332815457019799,0.0,0.0
0,41,N07,0,41.0,233.29508347139512,233.29508347139512,233.59456608345818,235.54240633606267,1.9478402526044931,0.29948261206305915,0.0
0,42,N07,0,42.0,238.42525584746403,238.42525584746403,238.42525584746403,239.19035390735007,0.7650980598860397,0.0,0.0
0,43,N07,0,43.0,240.70940469923835,240.70940469923835,240.70940469923835,243.52308901092232,2.8136843116839745,0.0,0.0
0,44,N07,0,44.0,243.04253340282924,243.04253340282924,243.52308901092232,246.6983284605529,3.1752394496305696,0.4805556080930842,0.0
0,45,N07,0,45.0,251.26172419506628,251.26172419506628,251.26172419506628,254.87726338561862,3.615539190552338,0.0,0.0
0,46,N07,0,46.0,255.33217865361047,255.33217865361047,255.33217865361047,257.6096518859351,2.277473232324604,0.0,0.0
0,47,N07,0,47.0,258.90764354317133,258.90764354317133,258.90764354317133,260.1552900945777,1.2476465514063513,0.0,0.0
0,48,N07,0,48.0,261.49343746754073,261.49343746754073,261.49343746754073,262.3842847470658,0.8908472795250953,0.0,0.0
0,49,N07,0,49.0,264.3620348465618,264.3620348465618,264.3620348465618,266.3821879346265,2.0201530880646335,0.0,0.0
0,50,N07,0,50.0,268.4772834035216,268.4772834035216,268.4772834035216,272.0913448578558,3.6140614543342306,0.0,0.0
0,51,N07,0,51.0,270.39029255846833,270.39029255846833,272.0913448578558,276.3018283095792,4.210483451723396,1.7010522993874702,0.0
0,52,N07,0,52.0,273.8024956677544,273.8024956677544,276.3018283095792,281.5187221454394,5.216893835860247,2.4993326418248216,0.0
0,53,N07,0,53.0,276.7435745018182,276.7435745018182,281.5187221454394,286.34314015733605,4.824418011896627,4.77514764362121,0.0
0,54,N07,0,54.0,284.30539447989264,284.30539447989264,286.34314015733605,288.70235471627245,2.359214558936374,2.037745677443411,0.0
0,55,N07,0,55.0,290.7373451106748,290.7373451106748,290.7373451106748,303.81809842752625,13.080753316851421,0.0,0.0
0,56,N07,0,56.0,292.9980904290669,292.9980904290669,303.81809842752625,305.2798254762776,1.4617270487513547,10.820007998459346,0.0
0,57,N07,0,57.0,297.7655485783865,297.7655485783865,305.2798254762776,306.7913908665985,1.5115653903208908,7.514276897891136,0.0
0,58,N07,0,58.0,304.0047520448881,304.0047520448881,306.7913908665985,309.1089411925975,2.3175503259990404,2.786638821710369,0.0
0,59,N07,0,59.0,308.163048676433,308.163048676433,309.1089411925975,312.1511555071795,3.04221431458198,0.9458925161645197,0.0
0,0,N08,0,0.0,18.816450301469086,18.816450301469086,18.816450301469086,23.599387307796587,4.782937006327501,0.0,0.0
0,1,N08,0,1.0,30.780590964434268,30.780590964434268,30.780590964434268,33.30109448809284,2.5205035236585775,0.0,0.0
0,2,N08,0,2.0,33.70701464624242,33.70701464624242,33.70701464624242,35.163829666895126,1.4568150206527064,0.0,0.0
0,3,N08,0,3.0,42.136439408205554,42.136439408205554,42.136439408205554,46.560627352919546,4.424187944713992,0.0,0.0
0,4,N08,0,4.0,46.98235022674035,46.98235022674035,46.98235022674035,49.93169914913739,2.9493489223970344,0.0,0.0
0,5,N08,0,5.0,51.696116576195,51.696116576195,51.696116576195,55.85156130375085,4.155444727555845,0.0,0.0
0,6,N08,0,6.0,57.06626567409809,57.06626567409809,57.06626567409809,61.63269801098551,4.566432336887413,0.0,0.0
0,7,N08,0,7.0,60.56075695107811,60.56075695107811,61.63269801098551,65.36292115253178,3.730223141546276,1.0719410599073953,0.0
0,8,N08,0,8.0,69.49994448538887,69.49994448538887,69.49994448538887,75.17796792566148,5.67802344027261,0.0,0.0
0,9,N08,0,9.0,71.91398401650812,71.91398401650812,75.17796792566148,78.73116504761185,3.55319712195038,3.263983909153353,0.0
0,10,N08,0,10.0,75.07723158435945,75.07723158435945,78.73116504761185,81.15724956773006,2.4260845201182124,3.6539334632524003,0.0
0,11,N08,0,11.0,77.3489166085155,77.3489166085155,81.15724956773006,85.716176969227,4.558927401496951,3.8083329592145674,0.0
0,12,N08,0,12.0,78.63976567471008,78.63976567471008,85.716176969227,88.15996584613029,2.443788876903287,7.07641129451693,0.0
0,13,N08,0,13.0,81.79132854690901,81.79132854690901,88.15996584613029,89.90366912956226,1.7437032834319732,6.368637299221277,0.0
0,14,N08,0,14.0,94.3529829769473,94.3529829769473,94.3529829769473,95.60772283237986,1.254739855432555,0.0,0.0
0,15,N08,0,15.0,97.12217432761649,97.12217432761649,97.12217432761649,100.23499019538225,3.1128158677657574,0.0,0.0
0,16,N08,0,16.0,102.89762631866168,102.89762631866168,102.89762631866168,105.51309814752408,2.615471828862401,0.0,0.0
0,17,N08,0,17.0,104.19892144577618,104.19892144577618,105.51309814752408,108.10706637779069,2.5939682302666127,1.314176701747897,0.0
0,18,N08,0,18.0,107.11855557818227,107.11855557818227,108.10706637779069,110.50399827113812,2.3969318933474293,0.9885107996084201,0.0
0,19,N08,0,19.0,110.85036363671944,110.85036363671944,110.85036363671944,113.40372112463703,2.5533574879176015,0.0,0.0
0,20,N08,0,20.0,118.68862305835403,118.68862305835403,118.68862305835403,120.66402229137756,1.9753992330235424,0.0,0.0
0,21,N08,0,21.0,120.61043041367274,120.61043041367274,120.66402229137756,122.64610162734913,1.9820793359715638,0.0535918777048181,0.0
0,22,N08,0,22.0,134.16192356140417,134.16192356140417,134.16192356140417,135.47849004350482,1.316566482100645,0.0,0.0
0,23,N08,0,23.0,142.22782847199693,142.22782847199693,142.22782847199693,143.43813415594298,1.2103056839460333,0.0,0.0
0,24,N08,0,24.0,144.706872148963,144.706872148963,144.706872148963,146.86833534709552,2.161463198132534,0.0,0.0
0,25,N08,0,25.0,154.80789722016257,154.80789722016257,154.80789722016257,159.57488778076336,4.766990560600796,0.0,0.0
0,26,N08,0,26.0,166.91250673576647,166.91250673576647,166.91250673576647,170.47383244170746,3.5613257059409777,0.0,0.0
0,27,N08,0,27.0,172.2349036363832,172.2349036363832,172.2349036363832,173.77153057986433,1.5366269434811246,0.0,0.0
0,28,N08,0,28.0,175.19715372753845,175.19715372753845,175.19715372753845,176.4880493201521,1.2908955926136454,0.0,0.0
0,29,N08,0,29.0,180.25916554575423,180.25916554575423,180.25916554575423,187.47970978035673,7.220544234602499,0.0,0.0
0,30,N08,0,30.0,185.648038185842,185.648038185842,187.47970978035673,188.86834096030978,1.3886311799530449,1.8316715945147166,0.0
0,31,N08,0,31.0,189.09554858452657,189.09554858452657,189.09554858452657,193.52328475198584,4.427736167459285,0.0,0.0
0,32,N08,0,32.0,195.16194614367086,195.16194614367086,195.16194614367086,196.6191404018568,1.4571942581859534,0.0,0.0
0,33,N08,0,33.0,199.81275451434362,199.81275451434362,199.81275451434362,201.94710601134565,2.1343514970020325,0.0,0.0
0,34,N08,0,34.0,206.2689011392859,206.2689011392859,206.2689011392859,209.33773936449157,3.068838225205661,0.0,0.0
0,35,N08,0,35.0,209.39372762451734,209.39372762451734,209.39372762451734,213.47074884496453,4.077021220447196,0.0,0.0
0,36,N08,0,36.0,213.36940094769562,213.36940094769562,213.47074884496453,215.8156642631827,2.344915418218167,0.10134789726890858,0.0
0,37,N08,0,37.0,217.14665946622705,217.14665946622705,217.14665946622705,219.38676448579554,2.240105019568488,0.0,0.0
0,38,N08,0,38.0,218.3347525230068,218.3347525230068,219.38676448579554,221.40231702304243,2.0155525372468897,1.0520119627887254,0.0
0,39,N08,0,39.0,230.8428946890531,230.8428946890531,230.8428946890531,234.11094291982104,3.2680482307679246,0.0,0.0
0,40,N08,0,40.0,233.59456608345818,233.59456608345818,234.11094291982104,235.43258160251105,1.321638682689995,0.5163768363628662,0.0
0,41,N08,0,41.0,235.54240633606267,235.54240633606267,235.54240633606267,238.33918089658115,2.7967745605184926,0.0,0.0
0,42,N08,0,42.0,239.19035390735007,239.19035390735007,239.19035390735007,243.72773145412322,4.537377546773146,0.0,0.0
0,43,N08,0,43.0,243.52308901092232,243.52308901092232,243.72773145412322,245.66969286268815,1.9419614085649346,0.2046424432008962,0.0
0,44,N08,0,44.0,246.6983284605529,246.6983284605529,246.6983284605529,247.74027281845665,1.0419443579037462,0.0,0.0
0,45,N08,0,45.0,254.87726338561862,254.87726338561862,254.87726338561862,255.98601450676978,1.1087511211511567,0.0,0.0
0,46,N08,0,46.0,257.6096518859351,257.6096518859351,257.6096518859351,260.58163814834774,2.9719862624126745,0.0,0.0
0,47,N08,0,47.0,260.1552900945777,260.1552900945777,260.58163814834774,262.7220735350735,2.1404353867257737,0.4263480537700275,0.0
0,48,N08,0,48.0,262.3842847470658,262.3842847470658,262.7220735350735,268.20575177845666,5.48367824338317,0.3377887880076855,0.0
0,49,N08,0,49.0,266.3821879346265,266.3821879346265,268.20575177845666,269.573261138996,1.3675093605392883,1.8235638438301862,0.0
0,50,N08,0,50.0,272.0913448578558,272.0913448578558,272.0913448578558,275.4190750391473,3.3277301812915,0.0,0.0
0,51,N08,0,51.0,276.3018283095792,276.3018283095792,276.3018283095792,279.9058528731563,3.604024563577062,0.0,0.0
0,52,N08,0,52.0,281.5187221454394,281.5187221454394,281.5187221454394,286.1803219758327,4.661599830393291,0.0,0.0
0,53,N08,0,53.0,286.34314015733605,286.34314015733605,286.34314015733605,288.0502803457655,1.7071401884294413,0.0,0.0
0,54,N08,0,54.0,288.70235471627245,288.70235471627245,288.70235471627245,291.0864507350188,2.3840960187463347,0.0,0.0
0,55,N08,0,55.0,303.81809842752625,303.81809842752625,303.81809842752625,305.2726577596467,1.4545593321204318,0.0,0.0
0,56,N08,0,56.0,305.2798254762776,305.2798254762776,305.2798254762776,307.1440017631857,1.8641762869081202,0.0,0.0
0,57,N08,0,57.0,306.7913908665985,306.7913908665985,307.1440017631857,308.681742341945,1.537740578759241,0.35261089658723677,0.0
0,58,N08,0,58.0,309.1089411925975,309.1089411925975,309.1089411925975,310.8818738728699,1.7729326802724004,0.0,0.0
0,59,N08,0,59.0,312.1511555071795,312.1511555071795,312.1511555071795,313.78439237847283,1.6332368712932985,0.0,0.0
0,0,N09,0,0.0,23.599387307796587,23.599387307796587,23.599387307796587,28.488033428810112,4.888646121013528,0.0,0.0
0,1,N09,0,1.0,33.30109448809284,33.30109448809284,33.30109448809284,35.24004883358,1.9389543454871576,0.0,0.0
0,2,N09,0,2.0,35.163829666895126,35.163829666895126,35.24004883358,39.09030946094851,3.8502606273685123,0.07621916668487216,0.0
0,3,N09,0,3.0,46.560627352919546,46.560627352919546,46.560627352919546,48.978660789437576,2.4180334365180287,0.0,0.0
0,4,N09,0,4.0,49.93169914913739,49.93169914913739,49.93169914913739,54.98602602108571,5.0543268719483265,0.0,0.0
0,5,N09,0,5.0,55.85156130375085,55.85156130375085,55.85156130375085,57.61642561386645,1.7648643101155952,0.0,0.0
0,6,N09,0,6.0,61.63269801098551,61.63269801098551,61.63269801098551,63.51001234527655,1.8773143342910437,0.0,0.0
0,7,N09,0,7.0,65.36292115253178,65.36292115253178,65.36292115253178,72.00058801674828,6.6376668642165,0.0,0.0
0,8,N09,0,8.0,75.17796792566148,75.17796792566148,75.17796792566148,77.81467567200923,2.636707746347758,0.0,0.0
0,9,N09,0,9.0,78.73116504761185,78.73116504761185,78.73116504761185,82.838684572239,4.107519524627151,0.0,0.0
0,10,N09,0,10.0,81.15724956773006,81.15724956773006,82.838684572239,89.94939771460574,7.110713142366734,1.6814350045089412,0.0
0,11,N09,0,11.0,85.716176969227,85.716176969227,89.94939771460574,91.81918092186906,1.8697832072633205,4.2332207453787305,0.0
0,12,N09,0,12.0,88.15996584613029,88.15996584613029,91.81918092186906,93.67422596715147,1.8550450452824097,3.6592150757387714,0.0
0,13,N09,0,13.0,89.90366912956226,89.90366912956226,93.67422596715147,95.83331958083278,2.1590936136813004,3.7705568375892113,0.0
0,14,N09,0,14.0,95.60772283237986,95.60772283237986,95.83331958083278,98.42352352673655,2.5902039459037733,0.2255967484529151,0.0
0,15,N09,0,15.0,100.23499019538225,100.23499019538225,100.23499019538225,102.73220511544199,2.497214920059729,0.0,0.0
0,16,N09,0,16.0,105.51309814752408,105.51309814752408,105.51309814752408,107.35819951889601,1.8451013713719386,0.0,0.0
0,17,N09,0,17.0,108.10706637779069,108.10706637779069,108.10706637779069,110.39501226743859,2.2879458896478964,0.0,0.0
0,18,N09,0,18.0,110.50399827113812,110.50399827113812,110.50399827113812,113.26159306723932,2.757594796101203,0.0,0.0
0,19,N09,0,19.0,113.40372112463703,113.40372112463703,113.40372112463703,115.40519105070818,2.001469926071152,0.0,0.0
0,20,N09,0,20.0,120.66402229137756,120.66402229137756,120.66402229137756,122.95606254240596,2.292040251028393,0.0,0.0
0,21,N09,0,21.0,122.64610162734913,122.64610162734913,122.95606254240596,126.0068432927012,3.050780750295242,0.3099609150568341,0.0
0,22,N09,0,22.0,135.47849004350482,135.47849004350482,135.47849004350482,139.0983441158508,3.619854072345993,0.0,0.0
0,23,N09,0,23.0,143.43813415594298,143.43813415594298,143.43813415594298,147.12347420940196,3.6853400534589844,0.0,0.0
0,24,N09,0,24.0,146.86833534709552,146.86833534709552,147.12347420940196,151.31912611381998,4.19565190441801,0.25513886230643834,0.0
0,25,N09,0,25.0,159.57488778076336,159.57488778076336,159.57488778076336,161.5913040095153,2.01641622875194,0.0,0.0
0,26,N09,0,26.0,170.47383244170746,170.47383244170746,170.47383244170746,172.26401122728907,1.7901787855816027,0.0,0.0
0,27,N09,0,27.0,173.77153057986433,173.77153057986433,173.77153057986433,179.80103386773723,6.0295032878729,0.0,0.0
0,28,N09,0,28.0,176.4880493201521,176.4880493201521,179.80103386773723,181.41342770343203,1.6123938356948093,3.312984547585131,0.0
0,29,N09,0,29.0,187.47970978035673,187.47970978035673,187.47970978035673,189.69925980853554,2.2195500281788196,0.0,0.0
0,30,N09,0,30.0,188.86834096030978,188.86834096030978,189.69925980853554,192.6319865793925,2.932726770856965,0.8309188482257639,0.0
0,31,N09,0,31.0,193.52328475198584,193.52328475198584,193.52328475198584,196.30461793090296,2.781333178917111,0.0,0.0
0,32,N09,0,32.0,196.6191404018568,196.6191404018568,196.6191404018568,199.34990368597684,2.730763284120024,0.0,0.0
0,33,N09,0,33.0,201.94710601134565,201.94710601134565,201.94710601134565,205.51252446613262,3.5654184547869536,0.0,0.0
0,34,N09,0,34.0,209.33773936449157,209.33773936449157,209.33773936449157,211.78522348663296,2.4474841221414008,0.0,0.0
0,35,N09,0,35.0,213.47074884496453,213.47074884496453,213.47074884496453,214.85626607454125,1.3855172295767075,0.0,0.0
0,36,N09,0,36.0,215.8156642631827,215.8156642631827,215.8156642631827,217.9880035197072,2.1723392565245123,0.0,0.0
0,37,N09,0,37.0,219.38676448579554,219.38676448579554,219.38676448579554,221.469250330687,2.082485844891473,0.0,0.0
0,38,N09,0,38.0,221.40231702304243,221.40231702304243,221.469250330687,225.87162543736085,4.402375106673845,0.06693330764457528,0.0
0,39,N09,0,39.0,234.11094291982104,234.11094291982104,234.11094291982104,236.4268375061627,2.3158945863416736,0.0,0.0
0,40,N09,0,40.0,235.43258160251105,235.43258160251105,236.4268375061627,239.61530712724564,3.1884696210829175,0.9942559036516627,0.0
0,41,N09,0,41.0,238.33918089658115,238.33918089658115,239.61530712724564,240.46534831573962,0.8500411884939835,1.276126230664488,0.0
0,42,N09,0,42.0,243.72773145412322,243.72773145412322,243.72773145412322,245.08986036550124,1.3621289113780144,0.0,0.0
0,43,N09,0,43.0,245.66969286268815,245.66969286268815,245.66969286268815,248.17574703681828,2.506054174130142,0.0,0.0
0,44,N09,0,44.0,247.74027281845665,247.74027281845665,248.17574703681828,251.27317924291316,3.0974322060948842,0.4354742183616338,0.0
0,45,N09,0,45.0,255.98601450676978,255.98601450676978,255.98601450676978,258.66873708468376,2.6827225779139514,0.0,0.0
0,46,N09,0,46.0,260.58163814834774,260.58163814834774,260.58163814834774,263.0569551407423,2.475316992394552,0.0,0.0
0,47,N09,0,47.0,262.7220735350735,262.7220735350735,263.0569551407423,265.2650320669691,2.2080769262268434,0.3348816056687838,0.0
0,48,N09,0,48.0,268.20575177845666,268.20575177845666,268.20575177845666,271.278459867814,3.0727080893573184,0.0,0.0
0,49,N09,0,49.0,269.573261138996,269.573261138996,271.278459867814,276.3125741334253,5.034114265611349,1.7051987288180044,0.0
0,50,N09,0,50.0,275.4190750391473,275.4190750391473,276.3125741334253,280.0470654342435,3.7344913008182203,0.8934990942780132,0.0
0,51,N09,0,51.0,279.9058528731563,279.9058528731563,280.0470654342435,282.3200733797233,2.27300794547978,0.14121256108722946,0.0
0,52,N09,0,52.0,286.1803219758327,286.1803219758327,286.1803219758327,288.8059913603967,2.625669384564005,0.0,0.0
0,53,N09,0,53.0,288.0502803457655,288.0502803457655,288.8059913603967,295.1538396606073,6.347848300210536,0.7557110146312311,0.0
0,54,N09,0,54.0,291.0864507350188,291.0864507350188,295.1538396606073,297.05792232255067,1.9040826619434146,4.067388925588489,0.0
0,55,N09,0,55.0,305.2726577596467,305.2726577596467,305.2726577596467,308.6676371833721,3.394979423725435,0.0,0.0
0,56,N09,0,56.0,307.1440017631857,307.1440017631857,308.6676371833721,310.7612563457035,2.093619162331353,1.5236354201863946,0.0
0,57,N09,0,57.0,308.681742341945,308.681742341945,310.7612563457035,314.22408576394406,3.4628294182405766,2.0795140037585043,0.0
0,58,N09,0,58.0,310.8818738728699,310.8818738728699,314.22408576394406,317.37222875029283,3.1481429863487653,3.3422118910741574,0.0
0,59,N09,0,59.0,313.78439237847283,313.78439237847283,317.37222875029283,321.67734573851726,4.305116988224421,3.5878363718200035,0.0
0,0,N10,0,0.0,28.488033428810112,28.488033428810112,28.488033428810112,30.35420921817993,1.8661757893698152,0.0,0.0
0,1,N10,0,1.0,35.24004883358,35.24004883358,35.24004883358,36.2692579109917,1.0292090774116975,0.0,0.0
0,2,N10,0,2.0,39.09030946094851,39.09030946094851,39.09030946094851,41.4943506712168,2.4040412102682907,0.0,0.0
0,3,N10,0,3.0,48.978660789437576,48.978660789437576,48.978660789437576,52.49641192670191,3.517751137264334,0.0,0.0
0,4,N10,0,4.0,54.98602602108571,54.98602602108571,54.98602602108571,57.86566845266131,2.8796424315755935,0.0,0.0
0,5,N10,0,5.0,57.61642561386645,57.61642561386645,57.86566845266131,59.14669306715105,1.2810246144897368,0.24924283879486353,0.0
0,6,N10,0,6.0,63.51001234527655,63.51001234527655,63.51001234527655,65.9890977626724,2.4790854173958445,0.0,0.0
0,7,N10,0,7.0,72.00058801674828,72.00058801674828,72.00058801674828,73.28740602828998,1.2868180115416934,0.0,0.0
0,8,N10,0,8.0,77.81467567200923,77.81467567200923,77.81467567200923,79.71758820864684,1.902912536637622,0.0,0.0
0,9,N10,0,9.0,82.838684572239,82.838684572239,82.838684572239,84.19412304148236,1.3554384692433596,0.0,0.0
0,10,N10,0,10.0,89.94939771460574,89.94939771460574,89.94939771460574,91.54500314802418,1.595605433418435,0.0,0.0
0,11,N10,0,11.0,91.81918092186906,91.81918092186906,91.81918092186906,93.74102504381264,1.921844121943581,0.0,0.0
0,12,N10,0,12.0,93.67422596715147,93.67422596715147,93.74102504381264,96.60643618476342,2.865411140950787,0.06679907666116947,0.0
0,13,N10,0,13.0,95.83331958083278,95.83331958083278,96.60643618476342,106.28316760241685,9.676731417653434,0.7731166039306459,0.0
0,14,N10,0,14.0,98.42352352673655,98.42352352673655,106.28316760241685,109.93101547559529,3.64784787317844,7.859644075680308,0.0
0,15,N10,0,15.0,102.73220511544199,102.73220511544199,109.93101547559529,112.1136635199249,2.182648044329617,7.198810360153303,0.0
0,16,N10,0,16.0,107.35819951889601,107.35819951889601,112.1136635199249,115.05501531792011,2.941351797995214,4.755464001028884,0.0
0,17,N10,0,17.0,110.39501226743859,110.39501226743859,115.05501531792011,122.68732030823072,7.63230499031062,4.660003050481521,0.0
0,18,N10,0,18.0,113.26159306723932,113.26159306723932,122.68732030823072,125.89323607035583,3.2059157621251044,9.425727240991407,0.0
0,19,N10,0,19.0,115.40519105070818,115.40519105070818,125.89323607035583,130.51364292740726,4.620406857051449,10.488045019647643,0.0
0,20,N10,0,20.0,122.95606254240596,122.95606254240596,130.51364292740726,132.25648546598407,1.7428425385768207,7.557580385001302,0.0
0,21,N10,0,21.0,126.0068432927012,126.0068432927012,132.25648546598407,136.08697842454757,3.830492958563498,6.249642173282865,0.0
0,22,N10,0,22.0,139.0983441158508,139.0983441158508,139.0983441158508,147.44498366946513,8.346639553614324,0.0,0.0
0,23,N10,0,23.0,147.12347420940196,147.12347420940196,147.44498366946513,150.96707845799864,3.522094788533519,0.3215094600631687,0.0
0,24,N10,0,24.0,151.31912611381998,151.31912611381998,151.31912611381998,153.53872087206742,2.21959475824745,0.0,0.0
0,25,N10,0,25.0,161.5913040095153,161.5913040095153,161.5913040095153,165.00429087408176,3.412986864566458,0.0,0.0
0,26,N10,0,26.0,172.26401122728907,172.26401122728907,172.26401122728907,173.42390233579542,1.159891108506335,0.0,0.0
0,27,N10,0,27.0,179.80103386773723,179.80103386773723,179.80103386773723,186.03505661627065,6.234022748533423,0.0,0.0
0,28,N10,0,28.0,181.41342770343203,181.41342770343203,186.03505661627065,187.62060931833014,1.5855527020594924,4.6216289128386165,0.0
0,29,N10,0,29.0,189.69925980853554,189.69925980853554,189.69925980853554,192.26911667463406,2.569856866098519,0.0,0.0
0,30,N10,0,30.0,192.6319865793925,192.6319865793925,192.6319865793925,195.42878151201745,2.7967949326249575,0.0,0.0
0,31,N10,0,31.0,196.30461793090296,196.30461793090296,196.30461793090296,199.29031387032927,2.9856959394262956,0.0,0.0
0,32,N10,0,32.0,199.34990368597684,199.34990368597684,199.34990368597684,202.24345930958194,2.8935556236050965,0.0,0.0
0,33,N10,0,33.0,205.51252446613262,205.51252446613262,205.51252446613262,210.14403785194375,4.631513385811136,0.0,0.0
0,34,N10,0,34.0,211.78522348663296,211.78522348663296,211.78522348663296,216.1088083685057,4.323584881872746,0.0,0.0
0,35,N10,0,35.0,214.85626607454125,214.85626607454125,216.1088083685057,216.99249157564768,0.8836832071419761,1.2525422939644386,0.0
0,36,N10,0,36.0,217.9880035197072,217.9880035197072,217.9880035197072,222.435981791865,4.447978272157807,0.0,0.0
0,37,N10,0,37.0,221.469250330687,221.469250330687,222.435981791865,224.0806362292433,1.6446544373782956,0.966731461178,0.0
0,38,N10,0,38.0,225.87162543736085,225.87162543736085,225.87162543736085,228.7491114985512,2.877486061190362,0.0,0.0
0,39,N10,0,39.0,236.4268375061627,236.4268375061627,236.4268375061627,243.93520670241273,7.508369196250029,0.0,0.0
0,40,N10,0,40.0,239.61530712724564,239.61530712724564,243.93520670241273,245.95480150502064,2.01959480260791,4.319899575167085,0.0
0,41,N10,0,41.0,240.46534831573962,240.46534831573962,245.95480150502064,247.62229234897956,1.667490843958913,5.489453189281022,0.0
0,42,N10,0,42.0,245.08986036550124,245.08986036550124,247.62229234897956,248.84749769786006,1.2252053488805028,2.532431983478318,0.0
0,43,N10,0,43.0,248.17574703681828,248.17574703681828,248.84749769786006,251.5229126047134,2.675414906853344,0.6717506610417843,0.0
0,44,N10,0,44.0,251.27317924291316,251.27317924291316,251.5229126047134,254.009122781971,2.4862101772576004,0.24973336180025285,0.0
0,45,N10,0,45.0,258.66873708468376,258.66873708468376,258.66873708468376,262.21706826675955,3.5483311820758106,0.0,0.0
0,46,N10,0,46.0,263.0569551407423,263.0569551407423,263.0569551407423,269.71692654616857,6.659971405426262,0.0,0.0
0,47,N10,0,47.0,265.2650320669691,265.2650320669691,269.71692654616857,270.66779332239076,0.9508667762222113,4.451894479199439,0.0
0,48,N10,0,48.0,271.278459867814,271.278459867814,271.278459867814,275.617315770329,4.338855902515014,0.0,0.0
0,49,N10,0,49.0,276.3125741334253,276.3125741334253,276.3125741334253,278.49806749152515,2.1854933580998237,0.0,0.0
0,50,N10,0,50.0,280.0470654342435,280.0470654342435,280.0470654342435,281.3540837175708,1.3070182833273027,0.0,0.0
0,51,N10,0,51.0,282.3200733797233,282.3200733797233,282.3200733797233,285.1591318555457,2.8390584758224042,0.0,0.0
0,52,N10,0,52.0,288.8059913603967,288.8059913603967,288.8059913603967,290.7945356941016,1.9885443337048827,0.0,0.0
0,53,N10,0,53.0,295.1538396606073,295.1538396606073,295.1538396606073,297.5393212831412,2.385481622533895,0.0,0.0
0,54,N10,0,54.0,297.05792232255067,297.05792232255067,297.5393212831412,302.25043635234636,4.711115069205179,0.4813989605905249,0.0
0,55,N10,0,55.0,308.6676371833721,308.6676371833721,308.6676371833721,313.1936599678572,4.526022784485054,0.0,0.0
0,56,N10,0,56.0,310.7612563457035,310.7612563457035,313.1936599678572,315.8337008999531,2.6400409320959324,2.4324036221536858,0.0
0,57,N10,0,57.0,314.22408576394406,314.22408576394406,315.8337008999531,318.1238540553453,2.290153155392196,1.6096151360090403,0.0
0,58,N10,0,58.0,317.37222875029283,317.37222875029283,318.1238540553453,323.31488555017137,5.1910314948260785,0.751625305052471,0.0
0,59,N10,0,59.0,321.67734573851726,321.67734573851726,323.31488555017137,324.7016330274828,1.3867474773114217,1.6375398116541078,0.0
0,0,N11,0,0.0,30.35420921817993,30.35420921817993,30.35420921817993,33.10662942832299,2.752420210143058,0.0,0.0
0,1,N11,0,1.0,36.2692579109917,36.2692579109917,36.2692579109917,37.31181776187689,1.042559850885193,0.0,0.0
0,2,N11,0,2.0,41.4943506712168,41.4943506712168,41.4943506712168,42.73745817112773,1.2431074999109235,0.0,0.0
0,3,N11,0,3.0,52.49641192670191,52.49641192670191,52.49641192670191,53.897165953879814,1.4007540271779029,0.0,0.0
0,4,N11,0,4.0,57.86566845266131,57.86566845266131,57.86566845266131,61.74468555272274,3.8790171000614304,0.0,0.0
0,5,N11,0,5.0,59.14669306715105,59.14669306715105,61.74468555272274,63.10108467806896,1.3563991253462115,2.5979924855716945,0.0
0,6,N11,0,6.0,65.9890977626724,65.9890977626724,65.9890977626724,70.86171795129168,4.87262018861928,0.0,0.0
0,7,N11,0,7.0,73.28740602828998,73.28740602828998,73.28740602828998,76.08175796451054,2.7943519362205715,0.0,0.0
0,8,N11,0,8.0,79.71758820864684,79.71758820864684,79.71758820864684,84.12110186785601,4.403513659209167,0.0,0.0
0,9,N11,0,9.0,84.19412304148236,84.19412304148236,84.19412304148236,88.85196275322146,4.657839711739095,0.0,0.0
0,10,N11,0,10.0,91.54500314802418,91.54500314802418,91.54500314802418,93.0825299892025,1.537526841178315,0.0,0.0
0,11,N11,0,11.0,93.74102504381264,93.74102504381264,93.74102504381264,95.78044703549519,2.0394219916825485,0.0,0.0
0,12,N11,0,12.0,96.60643618476342,96.60643618476342,96.60643618476342,98.85238293500339,2.245946750239971,0.0,0.0
0,13,N11,0,13.0,106.28316760241685,106.28316760241685,106.28316760241685,108.12580246657554,1.842634864158688,0.0,0.0
0,14,N11,0,14.0,109.93101547559529,109.93101547559529,109.93101547559529,112.827578362733,2.8965628871377014,0.0,0.0
0,15,N11,0,15.0,112.1136635199249,112.1136635199249,112.827578362733,118.3431095064021,5.515531143669112,0.7139148428080944,0.0
0,16,N11,0,16.0,115.05501531792011,115.05501531792011,118.3431095064021,121.0521444233404,2.7090349169382906,3.288094188481992,0.0
0,17,N11,0,17.0,122.68732030823072,122.68732030823072,122.68732030823072,125.69222009394558,3.0048997857148563,0.0,0.0
0,18,N11,0,18.0,125.89323607035583,125.89323607035583,125.89323607035583,128.4791083944664,2.5858723241105883,0.0,0.0
0,19,N11,0,19.0,130.51364292740726,130.51364292740726,130.51364292740726,132.59239937940546,2.0787564519981974,0.0,0.0
0,20,N11,0,20.0,132.25648546598407,132.25648546598407,132.59239937940546,134.71952116823252,2.1271217888270444,0.3359139134213933,0.0
0,21,N11,0,21.0,136.08697842454757,136.08697842454757,136.08697842454757,140.12515569096797,4.038177266420416,0.0,0.0
0,22,N11,0,22.0,147.44498366946513,147.44498366946513,147.44498366946513,150.4810641360275,3.036080466562362,0.0,0.0
0,23,N11,0,23.0,150.96707845799864,150.96707845799864,150.96707845799864,152.65219848903135,1.6851200310327097,0.0,0.0
0,24,N11,0,24.0,153.53872087206742,153.53872087206742,153.53872087206742,155.32144692328424,1.7827260512168204,0.0,0.0
0,25,N11,0,25.0,165.00429087408176,165.00429087408176,165.00429087408176,167.6921156216466,2.6878247475648434,0.0,0.0
0,26,N11,0,26.0,173.42390233579542,173.42390233579542,173.42390233579542,176.13134056212772,2.707438226332287,0.0,0.0
0,27,N11,0,27.0,186.03505661627065,186.03505661627065,186.03505661627065,187.90691975688088,1.8718631406102406,0.0,0.0
0,28,N11,0,28.0,187.62060931833014,187.62060931833014,187.90691975688088,192.50164182864737,4.594722071766497,0.2863104385507427,0.0
0,29,N11,0,29.0,192.26911667463406,192.26911667463406,192.50164182864737,194.93593254657006,2.434290717922694,0.23252515401330243,0.0
0,30,N11,0,30.0,195.42878151201745,195.42878151201745,195.42878151201745,197.74081434755175,2.312032835534284,0.0,0.0
0,31,N11,0,31.0,199.29031387032927,199.29031387032927,199.29031387032927,202.12583820531617,2.8355243349869017,0.0,0.0
0,32,N11,0,32.0,202.24345930958194,202.24345930958194,202.24345930958194,203.15441433649457,0.9109550269126292,0.0,0.0
0,33,N11,0,33.0,210.14403785194375,210.14403785194375,210.14403785194375,212.49808131760804,2.3540434656642835,0.0,0.0
0,34,N11,0,34.0,216.1088083685057,216.1088083685057,216.1088083685057,218.39053129679021,2.2817229282845237,0.0,0.0
0,35,N11,0,35.0,216.99249157564768,216.99249157564768,218.39053129679021,223.10845144590695,4.717920149116728,1.3980397211425384,0.0
0,36,N11,0,36.0,222.435981791865,222.435981791865,223.10845144590695,225.0442518448519,1.9358003989449526,0.6724696540419473,0.0
0,37,N11,0,37.0,224.0806362292433,224.0806362292433,225.0442518448519,226.24008154166742,1.1958296968155158,0.9636156156086031,0.0
0,38,N11,0,38.0,228.7491114985512,228.7491114985512,228.7491114985512,230.92560887359036,2.1764973750391716,0.0,0.0
0,39,N11,0,39.0,243.93520670241273,243.93520670241273,243.93520670241273,246.59755205003654,2.6623453476238117,0.0,0.0
0,40,N11,0,40.0,245.95480150502064,245.95480150502064,246.59755205003654,248.54093176210043,1.9433797120638918,0.6427505450159003,0.0
0,41,N11,0,41.0,247.62229234897956,247.62229234897956,248.54093176210043,254.38411049833164,5.843178736231216,0.9186394131208715,0.0
0,42,N11,0,42.0,248.84749769786006,248.84749769786006,254.38411049833164,255.89606650298938,1.5119560046577567,5.536612800471573,0.0
0,43,N11,0,43.0,251.5229126047134,251.5229126047134,255.89606650298938,257.30009441674736,1.4040279137579907,4.373153898275973,0.0
0,44,N11,0,44.0,254.009122781971,254.009122781971,257.30009441674736,259.8267726745472,2.5266782577998415,3.290971634776355,0.0
0,45,N11,0,45.0,262.21706826675955,262.21706826675955,262.21706826675955,264.7480637812239,2.5309955144643146,0.0,0.0
0,46,N11,0,46.0,269.71692654616857,269.71692654616857,269.71692654616857,274.38127992954645,4.664353383377859,0.0,0.0
0,47,N11,0,47.0,270.66779332239076,270.66779332239076,274.38127992954645,276.00920731607596,1.6279273865294797,3.713486607155687,0.0
0,48,N11,0,48.0,275.617315770329,275.617315770329,276.00920731607596,278.980348808474,2.9711414923980475,0.39189154574694385,0.0
0,49,N11,0,49.0,278.49806749152515,278.49806749152515,278.980348808474,280.51693945068166,1.536590642207645,0.4822813169488427,0.0
0,50,N11,0,50.0,281.3540837175708,281.3540837175708,281.3540837175708,283.45489335825476,2.1008096406839356,0.0,0.0
0,51,N11,0,51.0,285.1591318555457,285.1591318555457,285.1591318555457,289.52658694572233,4.367455090176642,0.0,0.0
0,52,N11,0,52.0,290.7945356941016,290.7945356941016,290.7945356941016,294.91164645945855,4.1171107653569186,0.0,0.0
0,53,N11,0,53.0,297.5393212831412,297.5393212831412,297.5393212831412,300.74197797033804,3.2026566871968227,0.0,0.0
0,54,N11,0,54.0,302.25043635234636,302.25043635234636,302.25043635234636,305.3879434247567,3.137507072410373,0.0,0.0
0,55,N11,0,55.0,313.1936599678572,313.1936599678572,313.1936599678572,315.1832559300194,1.989595962162246,0.0,0.0
0,56,N11,0,56.0,315.8337008999531,315.8337008999531,315.8337008999531,319.9025519435372,4.0688510435841065,0.0,0.0
0,57,N11,0,57.0,318.1238540553453,318.1238540553453,319.9025519435372,321.30714656907185,1.4045946255346433,1.778697888191914,0.0
0,58,N11,0,58.0,323.31488555017137,323.31488555017137,323.31488555017137,325.1942776741088,1.8793921239374123,0.0,0.0
0,59,N11,0,59.0,324.7016330274828,324.7016330274828,325.1942776741088,332.23399399387034,7.039716319761569,0.4926446466259904,0.0
0,0,N12,0,0.0,33.10662942832299,33.10662942832299,33.10662942832299,34.97646023755402,1.8698308092310327,0.0,0.0
0,1,N12,0,1.0,37.31181776187689,37.31181776187689,37.31181776187689,43.12866031931531,5.816842557438422,0.0,0.0
0,2,N12,0,2.0,42.73745817112773,42.73745817112773,43.12866031931531,45.7010040939504,2.5723437746350926,0.39120214818758114,0.0
0,3,N12,0,3.0,53.897165953879814,53.897165953879814,53.897165953879814,56.251162518613235,2.3539965647334204,0.0,0.0
0,4,N12,0,4.0,61.74468555272274,61.74468555272274,61.74468555272274,63.8784613163757,2.133775763652953,0.0,0.0
0,5,N12,0,5.0,63.10108467806896,63.10108467806896,63.8784613163757,66.38386669712575,2.5054053807500583,0.7773766383067411,0.0
0,6,N12,0,6.0,70.86171795129168,70.86171795129168,70.86171795129168,73.87771691271188,3.0159989614201974,0.0,0.0
0,7,N12,0,7.0,76.08175796451054,76.08175796451054,76.08175796451054,81.77261281530498,5.690854850794431,0.0,0.0
0,8,N12,0,8.0,84.12110186785601,84.12110186785601,84.12110186785601,87.40535523416607,3.284253366310057,0.0,0.0
0,9,N12,0,9.0,88.85196275322146,88.85196275322146,88.85196275322146,92.3609784015877,3.509015648366247,0.0,0.0
0,10,N12,0,10.0,93.0825299892025,93.0825299892025,93.0825299892025,95.56338182525661,2.4808518360541116,0.0,0.0
0,11,N12,0,11.0,95.78044703549519,95.78044703549519,95.78044703549519,98.74481144984733,2.964364414352142,0.0,0.0
0,12,N12,0,12.0,98.85238293500339,98.85238293500339,98.85238293500339,102.06342864321427,3.211045708210881,0.0,0.0
0,13,N12,0,13.0,108.12580246657554,108.12580246657554,108.12580246657554,110.85651701729094,2.7307145507154105,0.0,0.0
0,14,N12,0,14.0,112.827578362733,112.827578362733,112.827578362733,114.80729156570091,1.9797132029679214,0.0,0.0
0,15,N12,0,15.0,118.3431095064021,118.3431095064021,118.3431095064021,122.21820792912987,3.8750984227277776,0.0,0.0
0,16,N12,0,16.0,121.0521444233404,121.0521444233404,122.21820792912987,124.81223754717078,2.594029618040912,1.1660635057894808,0.0
0,17,N12,0,17.0,125.69222009394558,125.69222009394558,125.69222009394558,127.60818700970788,1.9159669157622996,0.0,0.0
0,18,N12,0,18.0,128.4791083944664,128.4791083944664,128.4791083944664,132.6658295599868,4.186721165520408,0.0,0.0
0,19,N12,0,19.0,132.59239937940546,132.59239937940546,132.6658295599868,134.01511434986423,1.3492847898774303,0.07343018058134021,0.0
0,20,N12,0,20.0,134.71952116823252,134.71952116823252,134.71952116823252,138.4135103069003,3.6939891386677703,0.0,0.0
0,21,N12,0,21.0,140.12515569096797,140.12515569096797,140.12515569096797,148.42127449301958,8.296118802051613,0.0,0.0
0,22,N12,0,22.0,150.4810641360275,150.4810641360275,150.4810641360275,154.25412296084465,3.7730588248171624,0.0,0.0
0,23,N12,0,23.0,152.65219848903135,152.65219848903135,154.25412296084465,158.79212419918417,4.538001238339525,1.6019244718133052,0.0
0,24,N12,0,24.0,155.32144692328424,155.32144692328424,158.79212419918417,161.08190300101745,2.289778801833267,3.4706772758999307,0.0
0,25,N12,0,25.0,167.6921156216466,167.6921156216466,167.6921156216466,169.8980202152056,2.205904593559013,0.0,0.0
0,26,N12,0,26.0,176.13134056212772,176.13134056212772,176.13134056212772,178.77196107426772,2.640620512139993,0.0,0.0
0,27,N12,0,27.0,187.90691975688088,187.90691975688088,187.90691975688088,193.1832959684106,5.276376211529714,0.0,0.0
0,28,N12,0,28.0,192.50164182864737,192.50164182864737,193.1832959684106,195.1024362969957,1.9191403285851272,0.681654139763225,0.0
0,29,N12,0,29.0,194.93593254657006,194.93593254657006,195.1024362969957,196.81492398475422,1.7124876877585171,0.16650375042564747,0.0
0,30,N12,0,30.0,197.74081434755175,197.74081434755175,197.74081434755175,200.0753910205507,2.334576672998958,0.0,0.0
0,31,N12,0,31.0,202.12583820531617,202.12583820531617,202.12583820531617,203.65508737301337,1.5292491676971924,0.0,0.0
0,32,N12,0,32.0,203.15441433649457,203.15441433649457,203.65508737301337,208.7440221776071,5.088934804593713,0.5006730365188048,0.0
0,33,N12,0,33.0,212.49808131760804,212.49808131760804,212.49808131760804,214.3415851594177,1.8435038418096523,0.0,0.0
0,34,N12,0,34.0,218.39053129679021,218.39053129679021,218.39053129679021,220.39155998660144,2.0010286898112093,0.0,0.0
0,35,N12,0,35.0,223.10845144590695,223.10845144590695,223.10845144590695,227.1357480711819,4.027296625274935,0.0,0.0
0,36,N12,0,36.0,225.0442518448519,225.0442518448519,227.1357480711819,229.83599278811374,2.7002447169318455,2.09149622632998,0.0
0,37,N12,0,37.0,226.24008154166742,226.24008154166742,229.83599278811374,231.94098248084433,2.104989692730594,3.5959112464463203,0.0
0,38,N12,0,38.0,230.92560887359036,230.92560887359036,231.94098248084433,234.57524679230875,2.6342643114644084,1.015373607253963,0.0
0,39,N12,0,39.0,246.59755205003654,246.59755205003654,246.59755205003654,248.97545063400608,2.3778985839695337,0.0,0.0
0,40,N12,0,40.0,248.54093176210043,248.54093176210043,248.97545063400608,250.7460703795971,1.7706197455910426,0.4345188719056523,0.0
0,41,N12,0,41.0,254.38411049833164,254.38411049833164,254.38411049833164,259.0139997114365,4.629889213104841,0.0,0.0
0,42,N12,0,42.0,255.89606650298938,255.89606650298938,259.0139997114365,263.50918281904933,4.495183107612831,3.1179332084471127,0.0
0,43,N12,0,43.0,257.30009441674736,257.30009441674736,263.50918281904933,265.4918103471204,1.9826275280710686,6.209088402301973,0.0
0,44,N12,0,44.0,259.8267726745472,259.8267726745472,265.4918103471204,266.9299193812737,1.438109034153271,5.665037672573192,0.0
0,45,N12,0,45.0,264.7480637812239,264.7480637812239,266.9299193812737,268.73917376567766,1.809254384403973,2.1818556000498006,0.0
0,46,N12,0,46.0,274.38127992954645,274.38127992954645,274.38127992954645,279.1413016968349,4.760021767288443,0.0,0.0
0,47,N12,0,47.0,276.00920731607596,276.00920731607596,279.1413016968349,281.0448763792582,1.903574682423337,3.1320943807589288,0.0
0,48,N12,0,48.0,278.980348808474,278.980348808474,281.0448763792582,284.41526226175574,3.3703858824975588,2.0645275707842075,0.0
0,49,N12,0,49.0,280.51693945068166,280.51693945068166,284.41526226175574,286.03338938021017,1.6181271184544226,3.898322811074081,0.0
0,50,N12,0,50.0,283.45489335825476,283.45489335825476,286.03338938021017,289.73999466720664,3.7066052869964934,2.5784960219554023,0.0
0,51,N12,0,51.0,289.52658694572233,289.52658694572233,289.73999466720664,291.58762515447035,1.8476304872637108,0.21340772148431597,0.0
0,52,N12,0,52.0,294.91164645945855,294.91164645945855,294.91164645945855,298.502682449154,3.591035989695465,0.0,0.0
0,53,N12,0,53.0,300.74197797033804,300.74197797033804,300.74197797033804,303.50409577191334,2.7621178015753003,0.0,0.0
0,54,N12,0,54.0,305.3879434247567,305.3879434247567,305.3879434247567,306.81310917456625,1.4251657498095172,0.0,0.0
0,55,N12,0,55.0,315.1832559300194,315.1832559300194,315.1832559300194,321.90370380750335,6.720447877483909,0.0,0.0
0,56,N12,0,56.0,319.9025519435372,319.9025519435372,321.90370380750335,323.6575910849527,1.753887277449345,2.001151863966129,0.0
0,57,N12,0,57.0,321.30714656907185,321.30714656907185,323.6575910849527,326.46712556563966,2.809534480686961,2.350444515880838,0.0
0,58,N12,0,58.0,325.1942776741088,325.1942776741088,326.46712556563966,328.7874857836289,2.3203602179892,1.272847891530887,0.0
0,59,N12,0,59.0,332.23399399387034,332.23399399387034,332.23399399387034,334.0987169657695,1.8647229718991165,0.0,0.0
