scenario,run,method,expected,perturbed,predicted,top_set,unique_correct
serial_middle,0,queue,N06,N06,N01,N01,0
serial_middle,1,queue,N06,N06,N01,N01,0
serial_middle,2,queue,N06,N06,N01,N01,0
serial_middle,3,queue,N06,N06,N01,N01,0
serial_middle,4,queue,N06,N06,N01,N01,0
serial_middle,5,queue,N06,N06,N01,N01,0
serial_middle,6,queue,N06,N06,N01,N01,0
serial_middle,7,queue,N06,N06,N01,N01,0
serial_middle,8,queue,N06,N06,N01,N01,0
serial_middle,9,queue,N06,N06,N01,N01,0
serial_middle,10,queue,N06,N06,N01,N01,0
serial_middle,11,queue,N06,N06,N01,N01,0
serial_middle,12,queue,N06,N06,N01,N01,0
serial_middle,13,queue,N06,N06,N01,N01,0
serial_middle,14,queue,N06,N06,N01,N01,0
serial_middle,15,queue,N06,N06,N01,N01,0
serial_middle,16,queue,N06,N06,N01,N01,0
serial_middle,17,queue,N06,N06,N01,N01,0
serial_middle,18,queue,N06,N06,N01,N01,0
serial_middle,19,queue,N06,N06,N01,N01,0
serial_middle,20,queue,N06,N06,N01,N01,0
serial_middle,21,queue,N06,N06,N01,N01,0
serial_middle,22,queue,N06,N06,N01,N01,0
serial_middle,23,queue,N06,N06,N01,N01,0
serial_middle,24,queue,N06,N06,N01,N01,0
serial_middle,25,queue,N06,N06,N01,N01,0
serial_middle,26,queue,N06,N06,N01,N01,0
serial_middle,27,queue,N06,N06,N01,N01,0
serial_middle,28,queue,N06,N06,N01,N01,0
serial_middle,29,queue,N06,N06,N01,N01,0
serial_middle,30,queue,N06,N06,N01,N01,0
serial_middle,31,queue,N06,N06,N01,N01,0
serial_middle,32,queue,N06,N06,N01,N01,0
serial_middle,33,queue,N06,N06,N01,N01,0
serial_middle,34,queue,N06,N06,N01,N01,0
serial_middle,35,queue,N06,N06,N01,N01,0
serial_middle,36,queue,N06,N06,N01,N01,0
serial_middle,37,queue,N06,N06,N01,N01,0
serial_middle,38,queue,N06,N06,N01,N01,0
serial_middle,39,queue,N06,N06,N01,N01,0
serial_middle,40,queue,N06,N06,N01,N01,0
serial_middle,41,queue,N06,N06,N01,N01,0
serial_middle,42,queue,N06,N06,N01,N01,0
serial_middle,43,queue,N06,N06,N01,N01,0
serial_middle,44,queue,N06,N06,N01,N01,0
serial_middle,45,queue,N06,N06,N01,N01,0
serial_middle,46,queue,N06,N06,N01,N01,0
serial_middle,47,queue,N06,N06,N01,N01,0
serial_middle,48,queue,N06,N06,N01,N01,0
serial_middle,49,queue,N06,N06,N01,N01,0
serial_middle,0,utilization,N06,N06,N06,N06,1
serial_middle,1,utilization,N06,N06,N06,N06,1
serial_middle,2,utilization,N06,N06,N06,N06,1
serial_middle,3,utilization,N06,N06,N06,N06,1
serial_middle,4,utilization,N06,N06,N06,N06,1
serial_middle,5,utilization,N06,N06,N06,N06,1
serial_middle,6,utilization,N06,N06,N06,N06,1
serial_middle,7,utilization,N06,N06,N06,N06,1
serial_middle,8,utilization,N06,N06,N06,N06,1
serial_middle,9,utilization,N06,N06,N06,N06,1
serial_middle,10,utilization,N06,N06,N06,N06,1
serial_middle,11,utilization,N06,N06,N06,N06,1
serial_middle,12,utilization,N06,N06,N06,N06,1
serial_middle,13,utilization,N06,N06,N06,N06,1
serial_middle,14,utilization,N06,N06,N06,N06,1
serial_middle,15,utilization,N06,N06,N06,N06,1
serial_middle,16,utilization,N06,N06,N06,N06,1
serial_middle,17,utilization,N06,N06,N06,N06,1
serial_middle,18,utilization,N06,N06,N06,N06,1
serial_middle,19,utilization,N06,N06,N06,N06,1
serial_middle,20,utilization,N06,N06,N06,N06,1
serial_middle,21,utilization,N06,N06,N06,N06,1
serial_middle,22,utilization,N06,N06,N06,N06,1
serial_middle,23,utilization,N06,N06,N06,N06,1
serial_middle,24,utilization,N06,N06,N06,N06,1
serial_middle,25,utilization,N06,N06,N06,N06,1
serial_middle,26,utilization,N06,N06,N06,N06,1
serial_middle,27,utilization,N06,N06,N06,N06,1
serial_middle,28,utilization,N06,N06,N06,N06,1
serial_middle,29,utilization,N06,N06,N06,N06,1
serial_middle,30,utilization,N06,N06,N06,N06,1
serial_middle,31,utilization,N06,N06,N06,N06,1
serial_middle,32,utilization,N06,N06,N06,N06,1
serial_middle,33,utilization,N06,N06,N06,N06,1
serial_middle,34,utilization,N06,N06,N06,N06,1
serial_middle,35,utilization,N06,N06,N06,N06,1
serial_middle,36,utilization,N06,N06,N06,N06,1
serial_middle,37,utilization,N06,N06,N06,N06,1
serial_middle,38,utilization,N06,N06,N06,N06,1
serial_middle,39,utilization,N06,N06,N06,N06,1
serial_middle,40,utilization,N06,N06,N06,N06,1
serial_middle,41,utilization,N06,N06,N06,N06,1
serial_middle,42,utilization,N06,N06,N06,N06,1
serial_middle,43,utilization,N06,N06,N06,N06,1
serial_middle,44,utilization,N06,N06,N06,N06,1
serial_middle,45,utilization,N06,N06,N06,N06,1
serial_middle,46,utilization,N06,N06,N06,N06,1
serial_middle,47,utilization,N06,N06,N06,N06,1
serial_middle,48,utilization,N06,N06,N06,N06,1
serial_middle,49,utilization,N06,N06,N06,N06,1
serial_middle,0,improvement,N06,N06,N06,N06,1
serial_middle,1,improvement,N06,N06,N06,N06,1
serial_middle,2,improvement,N06,N06,N06,N06,1
serial_middle,3,improvement,N06,N06,N06,N06,1
serial_middle,4,improvement,N06,N06,N06,N06,1
serial_middle,5,improvement,N06,N06,N06,N06,1
serial_middle,6,improvement,N06,N06,N06,N06,1
serial_middle,7,improvement,N06,N06,N06,N06,1
serial_middle,8,improvement,N06,N06,N06,N06,1
serial_middle,9,improvement,N06,N06,N06,N06,1
serial_middle,10,improvement,N06,N06,N06,N06,1
serial_middle,11,improvement,N06,N06,N06,N06,1
serial_middle,12,improvement,N06,N06,N06,N06,1
serial_middle,13,improvement,N06,N06,N06,N06,1
serial_middle,14,improvement,N06,N06,N06,N06,1
serial_middle,15,improvement,N06,N06,N06,N06,1
serial_middle,16,improvement,N06,N06,N06,N06,1
serial_middle,17,improvement,N06,N06,N06,N06,1
serial_middle,18,improvement,N06,N06,N06,N06,1
serial_middle,19,improvement,N06,N06,N06,N06,1
serial_middle,20,improvement,N06,N06,N06,N06,1
serial_middle,21,improvement,N06,N06,N06,N06,1
serial_middle,22,improvement,N06,N06,N06,N06,1
serial_middle,23,improvement,N06,N06,N06,N06,1
serial_middle,24,improvement,N06,N06,N06,N06,1
serial_middle,25,improvement,N06,N06,N06,N06,1
serial_middle,26,improvement,N06,N06,N06,N06,1
serial_middle,27,improvement,N06,N06,N06,N06,1
serial_middle,28,improvement,N06,N06,N06,N06,1
serial_middle,29,improvement,N06,N06,N06,N06,1
serial_middle,30,improvement,N06,N06,N06,N06,1
serial_middle,31,improvement,N06,N06,N06,N06,1
serial_middle,32,improvement,N06,N06,N06,N06,1
serial_middle,33,improvement,N06,N06,N06,N06,1
serial_middle,34,improvement,N06,N06,N06,N06,1
serial_middle,35,improvement,N06,N06,N06,N06,1
serial_middle,36,improvement,N06,N06,N06,N06,1
serial_middle,37,improvement,N06,N06,N06,N06,1
serial_middle,38,improvement,N06,N06,N06,N06,1
serial_middle,39,improvement,N06,N06,N06,N06,1
serial_middle,40,improvement,N06,N06,N06,N06,1
serial_middle,41,improvement,N06,N06,N06,N06,1
serial_middle,42,improvement,N06,N06,N06,N06,1
serial_middle,43,improvement,N06,N06,N06,N06,1
serial_middle,44,improvement,N06,N06,N06,N06,1
serial_middle,45,improvement,N06,N06,N06,N06,1
serial_middle,46,improvement,N06,N06,N06,N06,1
serial_middle,47,improvement,N06,N06,N06,N06,1
serial_middle,48,improvement,N06,N06,N06,N06,1
serial_middle,49,improvement,N06,N06,N06,N06,1
serial_head,0,queue,N01,N01,N01,N01,1
serial_head,1,queue,N01,N01,N01,N01,1
serial_head,2,queue,N01,N01,N01,N01,1
serial_head,3,queue,N01,N01,N01,N01,1
serial_head,4,queue,N01,N01,N01,N01,1
serial_head,5,queue,N01,N01,N01,N01,1
serial_head,6,queue,N01,N01,N01,N01,1
serial_head,7,queue,N01,N01,N01,N01,1
serial_head,8,queue,N01,N01,N01,N01,1
serial_head,9,queue,N01,N01,N01,N01,1
serial_head,10,queue,N01,N01,N01,N01,1
serial_head,11,queue,N01,N01,N01,N01,1
serial_head,12,queue,N01,N01,N01,N01,1
serial_head,13,queue,N01,N01,N01,N01,1
serial_head,14,queue,N01,N01,N01,N01,1
serial_head,15,queue,N01,N01,N01,N01,1
serial_head,16,queue,N01,N01,N01,N01,1
serial_head,17,queue,N01,N01,N01,N01,1
serial_head,18,queue,N01,N01,N01,N01,1
serial_head,19,queue,N01,N01,N01,N01,1
serial_head,20,queue,N01,N01,N01,N01,1
serial_head,21,queue,N01,N01,N01,N01,1
serial_head,22,queue,N01,N01,N01,N01,1
serial_head,23,queue,N01,N01,N01,N01,1
serial_head,24,queue,N01,N01,N01,N01,1
serial_head,25,queue,N01,N01,N01,N01,1
serial_head,26,queue,N01,N01,N01,N01,1
serial_head,27,queue,N01,N01,N01,N01,1
serial_head,28,queue,N01,N01,N01,N01,1
serial_head,29,queue,N01,N01,N01,N01,1
serial_head,30,queue,N01,N01,N01,N01,1
serial_head,31,queue,N01,N01,N01,N01,1
serial_head,32,queue,N01,N01,N01,N01,1
serial_head,33,queue,N01,N01,N01,N01,1
serial_head,34,queue,N01,N01,N01,N01,1
serial_head,35,queue,N01,N01,N01,N01,1
serial_head,36,queue,N01,N01,N01,N01,1
serial_head,37,queue,N01,N01,N01,N01,1
serial_head,38,queue,N01,N01,N01,N01,1
serial_head,39,queue,N01,N01,N01,N01,1
serial_head,40,queue,N01,N01,N01,N01,1
serial_head,41,queue,N01,N01,N01,N01,1
serial_head,42,queue,N01,N01,N01,N01,1
serial_head,43,queue,N01,N01,N01,N01,1
serial_head,44,queue,N01,N01,N01,N01,1
serial_head,45,queue,N01,N01,N01,N01,1
serial_head,46,queue,N01,N01,N01,N01,1
serial_head,47,queue,N01,N01,N01,N01,1
serial_head,48,queue,N01,N01,N01,N01,1
serial_head,49,queue,N01,N01,N01,N01,1
serial_head,0,utilization,N01,N01,N01,N01,1
serial_head,1,utilization,N01,N01,N01,N01,1
serial_head,2,utilization,N01,N01,N01,N01,1
serial_head,3,utilization,N01,N01,N01,N01,1
serial_head,4,utilization,N01,N01,N01,N01,1
serial_head,5,utilization,N01,N01,N01,N01,1
serial_head,6,utilization,N01,N01,N01,N01,1
serial_head,7,utilization,N01,N01,N01,N01,1
serial_head,8,utilization,N01,N01,N01,N01,1
serial_head,9,utilization,N01,N01,N01,N01,1
serial_head,10,utilization,N01,N01,N01,N01,1
serial_head,11,utilization,N01,N01,N01,N01,1
serial_head,12,utilization,N01,N01,N01,N01,1
serial_head,13,utilization,N01,N01,N01,N01,1
serial_head,14,utilization,N01,N01,N01,N01,1
serial_head,15,utilization,N01,N01,N01,N01,1
serial_head,16,utilization,N01,N01,N01,N01,1
serial_head,17,utilization,N01,N01,N01,N01,1
serial_head,18,utilization,N01,N01,N01,N01,1
serial_head,19,utilization,N01,N01,N01,N01,1
serial_head,20,utilization,N01,N01,N01,N01,1
serial_head,21,utilization,N01,N01,N01,N01,1
serial_head,22,utilization,N01,N01,N01,N01,1
serial_head,23,utilization,N01,N01,N01,N01,1
serial_head,24,utilization,N01,N01,N01,N01,1
serial_head,25,utilization,N01,N01,N01,N01,1
serial_head,26,utilization,N01,N01,N01,N01,1
serial_head,27,utilization,N01,N01,N01,N01,1
serial_head,28,utilization,N01,N01,N01,N01,1
serial_head,29,utilization,N01,N01,N01,N01,1
serial_head,30,utilization,N01,N01,N01,N01,1
serial_head,31,utilization,N01,N01,N01,N01,1
serial_head,32,utilization,N01,N01,N01,N01,1
serial_head,33,utilization,N01,N01,N01,N01,1
serial_head,34,utilization,N01,N01,N01,N01,1
serial_head,35,utilization,N01,N01,N01,N01,1
serial_head,36,utilization,N01,N01,N01,N01,1
serial_head,37,utilization,N01,N01,N01,N01,1
serial_head,38,utilization,N01,N01,N01,N01,1
serial_head,39,utilization,N01,N01,N01,N01,1
serial_head,40,utilization,N01,N01,N01,N01,1
serial_head,41,utilization,N01,N01,N01,N01,1
serial_head,42,utilization,N01,N01,N01,N01,1
serial_head,43,utilization,N01,N01,N01,N01,1
serial_head,44,utilization,N01,N01,N01,N01,1
serial_head,45,utilization,N01,N01,N01,N01,1
serial_head,46,utilization,N01,N01,N01,N01,1
serial_head,47,utilization,N01,N01,N01,N01,1
serial_head,48,utilization,N01,N01,N01,N01,1
serial_head,49,utilization,N01,N01,N01,N01,1
serial_head,0,improvement,N01,N01,N01,N01,1
serial_head,1,improvement,N01,N01,N01,N01,1
serial_head,2,improvement,N01,N01,N01,N01,1
serial_head,3,improvement,N01,N01,N01,N01,1
serial_head,4,improvement,N01,N01,N01,N01,1
serial_head,5,improvement,N01,N01,N01,N01,1
serial_head,6,improvement,N01,N01,N01,N01,1
serial_head,7,improvement,N01,N01,N01,N01,1
serial_head,8,improvement,N01,N01,N01,N01,1
serial_head,9,improvement,N01,N01,N01,N01,1
serial_head,10,improvement,N01,N01,N01,N01,1
serial_head,11,improvement,N01,N01,N01,N01,1
serial_head,12,improvement,N01,N01,N01,N01,1
serial_head,13,improvement,N01,N01,N01,N01,1
serial_head,14,improvement,N01,N01,N01,N01,1
serial_head,15,improvement,N01,N01,N01,N01,1
serial_head,16,improvement,N01,N01,N01,N01,1
serial_head,17,improvement,N01,N01,N01,N01,1
serial_head,18,improvement,N01,N01,N01,N01,1
serial_head,19,improvement,N01,N01,N01,N01,1
serial_head,20,improvement,N01,N01,N01,N01,1
serial_head,21,improvement,N01,N01,N01,N01,1
serial_head,22,improvement,N01,N01,N01,N01,1
serial_head,23,improvement,N01,N01,N01,N01,1
serial_head,24,improvement,N01,N01,N01,N01,1
serial_head,25,improvement,N01,N01,N01,N01,1
serial_head,26,improvement,N01,N01,N01,N01,1
serial_head,27,improvement,N01,N01,N01,N01,1
serial_head,28,improvement,N01,N01,N01,N01,1
serial_head,29,improvement,N01,N01,N01,N01,1
serial_head,30,improvement,N01,N01,N01,N01,1
serial_head,31,improvement,N01,N01,N01,N01,1
serial_head,32,improvement,N01,N01,N01,N01,1
serial_head,33,improvement,N01,N01,N01,N01,1
serial_head,34,improvement,N01,N01,N01,N01,1
serial_head,35,improvement,N01,N01,N01,N01,1
serial_head,36,improvement,N01,N01,N01,N01,1
serial_head,37,improvement,N01,N01,N01,N01,1
serial_head,38,improvement,N01,N01,N01,N01,1
serial_head,39,improvement,N01,N01,N01,N01,1
serial_head,40,improvement,N01,N01,N01,N01,1
serial_head,41,improvement,N01,N01,N01,N01,1
serial_head,42,improvement,N01,N01,N01,N01,1
serial_head,43,improvement,N01,N01,N01,N01,1
serial_head,44,improvement,N01,N01,N01,N01,1
serial_head,45,improvement,N01,N01,N01,N01,1
serial_head,46,improvement,N01,N01,N01,N01,1
serial_head,47,improvement,N01,N01,N01,N01,1
serial_head,48,improvement,N01,N01,N01,N01,1
serial_head,49,improvement,N01,N01,N01,N01,1
fork_arm,0,queue,N06,N06,N01,N01,0
fork_arm,1,queue,N06,N06,N01,N01,0
fork_arm,2,queue,N06,N06,N01,N01,0
fork_arm,3,queue,N06,N06,N01,N01,0
fork_arm,4,queue,N06,N06,N01,N01,0
fork_arm,5,queue,N06,N06,N01,N01,0
fork_arm,6,queue,N06,N06,N01,N01,0
fork_arm,7,queue,N06,N06,N01,N01,0
fork_arm,8,queue,N06,N06,N01,N01,0
fork_arm,9,queue,N06,N06,N01,N01,0
fork_arm,10,queue,N06,N06,N01,N01,0
fork_arm,11,queue,N06,N06,N01,N01,0
fork_arm,12,queue,N06,N06,N01,N01,0
fork_arm,13,queue,N06,N06,N01,N01,0
fork_arm,14,queue,N06,N06,N01,N01,0
fork_arm,15,queue,N06,N06,N01,N01,0
fork_arm,16,queue,N06,N06,N01,N01,0
fork_arm,17,queue,N06,N06,N01,N01,0
fork_arm,18,queue,N06,N06,N01,N01,0
fork_arm,19,queue,N06,N06,N01,N01,0
fork_arm,20,queue,N06,N06,N01,N01,0
fork_arm,21,queue,N06,N06,N01,N01,0
fork_arm,22,queue,N06,N06,N01,N01,0
fork_arm,23,queue,N06,N06,N01,N01,0
fork_arm,24,queue,N06,N06,N01,N01,0
fork_arm,25,queue,N06,N06,N01,N01,0
fork_arm,26,queue,N06,N06,N01,N01,0
fork_arm,27,queue,N06,N06,N01,N01,0
fork_arm,28,queue,N06,N06,N01,N01,0
fork_arm,29,queue,N06,N06,N01,N01,0
fork_arm,30,queue,N06,N06,N01,N01,0
fork_arm,31,queue,N06,N06,N01,N01,0
fork_arm,32,queue,N06,N06,N01,N01,0
fork_arm,33,queue,N06,N06,N01,N01,0
fork_arm,34,queue,N06,N06,N01,N01,0
fork_arm,35,queue,N06,N06,N01,N01,0
fork_arm,36,queue,N06,N06,N01,N01,0
fork_arm,37,queue,N06,N06,N01,N01,0
fork_arm,38,queue,N06,N06,N01,N01,0
fork_arm,39,queue,N06,N06,N01,N01,0
fork_arm,40,queue,N06,N06,N01,N01,0
fork_arm,41,queue,N06,N06,N01,N01,0
fork_arm,42,queue,N06,N06,N01,N01,0
fork_arm,43,queue,N06,N06,N01,N01,0
fork_arm,44,queue,N06,N06,N01,N01,0
fork_arm,45,queue,N06,N06,N01,N01,0
fork_arm,46,queue,N06,N06,N01,N01,0
fork_arm,47,queue,N06,N06,N01,N01,0
fork_arm,48,queue,N06,N06,N01,N01,0
fork_arm,49,queue,N06,N06,N01,N01,0
fork_arm,0,utilization,N06,N06,N06,N06,1
fork_arm,1,utilization,N06,N06,N06,N06,1
fork_arm,2,utilization,N06,N06,N06,N06,1
fork_arm,3,utilization,N06,N06,N06,N06,1
fork_arm,4,utilization,N06,N06,N06,N06,1
fork_arm,5,utilization,N06,N06,N06,N06,1
fork_arm,6,utilization,N06,N06,N06,N06,1
fork_arm,7,utilization,N06,N06,N06,N06,1
fork_arm,8,utilization,N06,N06,N06,N06,1
fork_arm,9,utilization,N06,N06,N06,N06,1
fork_arm,10,utilization,N06,N06,N06,N06,1
fork_arm,11,utilization,N06,N06,N06,N06,1
fork_arm,12,utilization,N06,N06,N06,N06,1
fork_arm,13,utilization,N06,N06,N06,N06,1
fork_arm,14,utilization,N06,N06,N06,N06,1
fork_arm,15,utilization,N06,N06,N06,N06,1
fork_arm,16,utilization,N06,N06,N06,N06,1
fork_arm,17,utilization,N06,N06,N06,N06,1
fork_arm,18,utilization,N06,N06,N06,N06,1
fork_arm,19,utilization,N06,N06,N06,N06,1
fork_arm,20,utilization,N06,N06,N06,N06,1
fork_arm,21,utilization,N06,N06,N06,N06,1
fork_arm,22,utilization,N06,N06,N06,N06,1
fork_arm,23,utilization,N06,N06,N06,N06,1
fork_arm,24,utilization,N06,N06,N06,N06,1
fork_arm,25,utilization,N06,N06,N06,N06,1
fork_arm,26,utilization,N06,N06,N06,N06,1
fork_arm,27,utilization,N06,N06,N06,N06,1
fork_arm,28,utilization,N06,N06,N06,N06,1
fork_arm,29,utilization,N06,N06,N06,N06,1
fork_arm,30,utilization,N06,N06,N06,N06,1
fork_arm,31,utilization,N06,N06,N06,N06,1
fork_arm,32,utilization,N06,N06,N06,N06,1
fork_arm,33,utilization,N06,N06,N06,N06,1
fork_arm,34,utilization,N06,N06,N06,N06,1
fork_arm,35,utilization,N06,N06,N06,N06,1
fork_arm,36,utilization,N06,N06,N06,N06,1
fork_arm,37,utilization,N06,N06,N06,N06,1
fork_arm,38,utilization,N06,N06,N06,N06,1
fork_arm,39,utilization,N06,N06,N06,N06,1
fork_arm,40,utilization,N06,N06,N06,N06,1
fork_arm,41,utilization,N06,N06,N06,N06,1
fork_arm,42,utilization,N06,N06,N06,N06,1
fork_arm,43,utilization,N06,N06,N06,N06,1
fork_arm,44,utilization,N06,N06,N06,N06,1
fork_arm,45,utilization,N06,N06,N06,N06,1
fork_arm,46,utilization,N06,N06,N06,N06,1
fork_arm,47,utilization,N06,N06,N06,N06,1
fork_arm,48,utilization,N06,N06,N06,N06,1
fork_arm,49,utilization,N06,N06,N06,N06,1
fork_arm,0,improvement,N06,N06,N06,N06,1
fork_arm,1,improvement,N06,N06,N06,N06,1
fork_arm,2,improvement,N06,N06,N06,N06,1
fork_arm,3,improvement,N06,N06,N06,N06,1
fork_arm,4,improvement,N06,N06,N06,N06,1
fork_arm,5,improvement,N06,N06,N06,N06,1
fork_arm,6,improvement,N06,N06,N06,N06,1
fork_arm,7,improvement,N06,N06,N06,N06,1
fork_arm,8,improvement,N06,N06,N06,N06,1
fork_arm,9,improvement,N06,N06,N06,N06,1
fork_arm,10,improvement,N06,N06,N06,N06,1
fork_arm,11,improvement,N06,N06,N06,N06,1
fork_arm,12,improvement,N06,N06,N06,N06,1
fork_arm,13,improvement,N06,N06,N06,N06,1
fork_arm,14,improvement,N06,N06,N06,N06,1
fork_arm,15,improvement,N06,N06,N06,N06,1
fork_arm,16,improvement,N06,N06,N06,N06,1
fork_arm,17,improvement,N06,N06,N06,N06,1
fork_arm,18,improvement,N06,N06,N06,N06,1
fork_arm,19,improvement,N06,N06,N06,N06,1
fork_arm,20,improvement,N06,N06,N06,N06,1
fork_arm,21,improvement,N06,N06,N06,N06,1
fork_arm,22,improvement,N06,N06,N06,N06,1
fork_arm,23,improvement,N06,N06,N06,N06,1
fork_arm,24,improvement,N06,N06,N06,N06,1
fork_arm,25,improvement,N06,N06,N06,N06,1
fork_arm,26,improvement,N06,N06,N06,N06,1
fork_arm,27,improvement,N06,N06,N06,N06,1
fork_arm,28,improvement,N06,N06,N06,N06,1
fork_arm,29,improvement,N06,N06,N06,N06,1
fork_arm,30,improvement,N06,N06,N06,N06,1
fork_arm,31,improvement,N06,N06,N06,N06,1
fork_arm,32,improvement,N06,N06,N06,N06,1
fork_arm,33,improvement,N06,N06,N06,N06,1
fork_arm,34,improvement,N06,N06,N06,N06,1
fork_arm,35,improvement,N06,N06,N06,N06,1
fork_arm,36,improvement,N06,N06,N06,N06,1
fork_arm,37,improvement,N06,N06,N06,N06,1
fork_arm,38,improvement,N06,N06,N06,N06,1
fork_arm,39,improvement,N06,N06,N06,N06,1
fork_arm,40,improvement,N06,N06,N06,N06,1
fork_arm,41,improvement,N06,N06,N06,N06,1
fork_arm,42,improvement,N06,N06,N06,N06,1
fork_arm,43,improvement,N06,N06,N06,N06,1
fork_arm,44,improvement,N06,N06,N06,N06,1
fork_arm,45,improvement,N06,N06,N06,N06,1
fork_arm,46,improvement,N06,N06,N06,N06,1
fork_arm,47,improvement,N06,N06,N06,N06,1
fork_arm,48,improvement,N06,N06,N06,N06,1
fork_arm,49,improvement,N06,N06,N06,N06,1
fork_join,0,queue,N09,N09,N01,N01,0
fork_join,1,queue,N09,N09,N01,N01,0
fork_join,2,queue,N09,N09,N01,N01,0
fork_join,3,queue,N09,N09,N01,N01,0
fork_join,4,queue,N09,N09,N01,N01,0
fork_join,5,queue,N09,N09,N01,N01,0
fork_join,6,queue,N09,N09,N01,N01,0
fork_join,7,queue,N09,N09,N01,N01,0
fork_join,8,queue,N09,N09,N01,N01,0
fork_join,9,queue,N09,N09,N01,N01,0
fork_join,10,queue,N09,N09,N01,N01,0
fork_join,11,queue,N09,N09,N01,N01,0
fork_join,12,queue,N09,N09,N01,N01,0
fork_join,13,queue,N09,N09,N01,N01,0
fork_join,14,queue,N09,N09,N01,N01,0
fork_join,15,queue,N09,N09,N01,N01,0
fork_join,16,queue,N09,N09,N01,N01,0
fork_join,17,queue,N09,N09,N01,N01,0
fork_join,18,queue,N09,N09,N01,N01,0
fork_join,19,queue,N09,N09,N01,N01,0
fork_join,20,queue,N09,N09,N01,N01,0
fork_join,21,queue,N09,N09,N01,N01,0
fork_join,22,queue,N09,N09,N01,N01,0
fork_join,23,queue,N09,N09,N01,N01,0
fork_join,24,queue,N09,N09,N01,N01,0
fork_join,25,queue,N09,N09,N01,N01,0
fork_join,26,queue,N09,N09,N01,N01,0
fork_join,27,queue,N09,N09,N01,N01,0
fork_join,28,queue,N09,N09,N01,N01,0
fork_join,29,queue,N09,N09,N01,N01,0
fork_join,30,queue,N09,N09,N01,N01,0
fork_join,31,queue,N09,N09,N01,N01,0
fork_join,32,queue,N09,N09,N01,N01,0
fork_join,33,queue,N09,N09,N01,N01,0
fork_join,34,queue,N09,N09,N01,N01,0
fork_join,35,queue,N09,N09,N01,N01,0
fork_join,36,queue,N09,N09,N01,N01,0
fork_join,37,queue,N09,N09,N01,N01,0
fork_join,38,queue,N09,N09,N01,N01,0
fork_join,39,queue,N09,N09,N01,N01,0
fork_join,40,queue,N09,N09,N01,N01,0
fork_join,41,queue,N09,N09,N01,N01,0
fork_join,42,queue,N09,N09,N01,N01,0
fork_join,43,queue,N09,N09,N01,N01,0
fork_join,44,queue,N09,N09,N01,N01,0
fork_join,45,queue,N09,N09,N01,N01,0
fork_join,46,queue,N09,N09,N01,N01,0
fork_join,47,queue,N09,N09,N01,N01,0
fork_join,48,queue,N09,N09,N01,N01,0
fork_join,49,queue,N09,N09,N01,N01,0
fork_join,0,utilization,N09,N09,N09,N09,1
fork_join,1,utilization,N09,N09,N09,N09,1
fork_join,2,utilization,N09,N09,N09,N09,1
fork_join,3,utilization,N09,N09,N09,N09,1
fork_join,4,utilization,N09,N09,N09,N09,1
fork_join,5,utilization,N09,N09,N09,N09,1
fork_join,6,utilization,N09,N09,N09,N09,1
fork_join,7,utilization,N09,N09,N09,N09,1
fork_join,8,utilization,N09,N09,N09,N09,1
fork_join,9,utilization,N09,N09,N09,N09,1
fork_join,10,utilization,N09,N09,N09,N09,1
fork_join,11,utilization,N09,N09,N09,N09,1
fork_join,12,utilization,N09,N09,N09,N09,1
fork_join,13,utilization,N09,N09,N09,N09,1
fork_join,14,utilization,N09,N09,N09,N09,1
fork_join,15,utilization,N09,N09,N09,N09,1
fork_join,16,utilization,N09,N09,N09,N09,1
fork_join,17,utilization,N09,N09,N09,N09,1
fork_join,18,utilization,N09,N09,N09,N09,1
fork_join,19,utilization,N09,N09,N09,N09,1
fork_join,20,utilization,N09,N09,N09,N09,1
fork_join,21,utilization,N09,N09,N09,N09,1
fork_join,22,utilization,N09,N09,N09,N09,1
fork_join,23,utilization,N09,N09,N09,N09,1
fork_join,24,utilization,N09,N09,N09,N09,1
fork_join,25,utilization,N09,N09,N09,N09,1
fork_join,26,utilization,N09,N09,N09,N09,1
fork_join,27,utilization,N09,N09,N09,N09,1
fork_join,28,utilization,N09,N09,N09,N09,1
fork_join,29,utilization,N09,N09,N09,N09,1
fork_join,30,utilization,N09,N09,N09,N09,1
fork_join,31,utilization,N09,N09,N09,N09,1
fork_join,32,utilization,N09,N09,N09,N09,1
fork_join,33,utilization,N09,N09,N09,N09,1
fork_join,34,utilization,N09,N09,N09,N09,1
fork_join,35,utilization,N09,N09,N09,N09,1
fork_join,36,utilization,N09,N09,N09,N09,1
fork_join,37,utilization,N09,N09,N09,N09,1
fork_join,38,utilization,N09,N09,N09,N09,1
fork_join,39,utilization,N09,N09,N09,N09,1
fork_join,40,utilization,N09,N09,N09,N09,1
fork_join,41,utilization,N09,N09,N09,N09,1
fork_join,42,utilization,N09,N09,N09,N09,1
fork_join,43,utilization,N09,N09,N09,N09,1
fork_join,44,utilization,N09,N09,N09,N09,1
fork_join,45,utilization,N09,N09,N09,N09,1
fork_join,46,utilization,N09,N09,N09,N09,1
fork_join,47,utilization,N09,N09,N09,N09,1
fork_join,48,utilization,N09,N09,N09,N09,1
fork_join,49,utilization,N09,N09,N09,N09,1
fork_join,0,improvement,N09,N09,N09,N09,1
fork_join,1,improvement,N09,N09,N09,N09,1
fork_join,2,improvement,N09,N09,N09,N09,1
fork_join,3,improvement,N09,N09,N09,N09,1
fork_join,4,improvement,N09,N09,N09,N09,1
fork_join,5,improvement,N09,N09,N09,N09,1
fork_join,6,improvement,N09,N09,N09,N09,1
fork_join,7,improvement,N09,N09,N09,N09,1
fork_join,8,improvement,N09,N09,N09,N09,1
fork_join,9,improvement,N09,N09,N09,N09,1
fork_join,10,improvement,N09,N09,N09,N09,1
fork_join,11,improvement,N09,N09,N09,N09,1
fork_join,12,improvement,N09,N09,N09,N09,1
fork_join,13,improvement,N09,N09,N09,N09,1
fork_join,14,improvement,N09,N09,N09,N09,1
fork_join,15,improvement,N09,N09,N09,N09,1
fork_join,16,improvement,N09,N09,N09,N09,1
fork_join,17,improvement,N09,N09,N09,N09,1
fork_join,18,improvement,N09,N09,N09,N09,1
fork_join,19,improvement,N09,N09,N09,N09,1
fork_join,20,improvement,N09,N09,N09,N09,1
fork_join,21,improvement,N09,N09,N09,N09,1
fork_join,22,improvement,N09,N09,N09,N09,1
fork_join,23,improvement,N09,N09,N09,N09,1
fork_join,24,improvement,N09,N09,N09,N09,1
fork_join,25,improvement,N09,N09,N09,N09,1
fork_join,26,improvement,N09,N09,N09,N09,1
fork_join,27,improvement,N09,N09,N09,N09,1
fork_join,28,improvement,N09,N09,N09,N09,1
fork_join,29,improvement,N09,N09,N09,N09,1
fork_join,30,improvement,N09,N09,N09,N09,1
fork_join,31,improvement,N09,N09,N09,N09,1
fork_join,32,improvement,N09,N09,N09,N09,1
fork_join,33,improvement,N09,N09,N09,N09,1
fork_join,34,improvement,N09,N09,N09,N09,1
fork_join,35,improvement,N09,N09,N09,N09,1
fork_join,36,improvement,N09,N09,N09,N09,1
fork_join,37,improvement,N09,N09,N09,N09,1
fork_join,38,improvement,N09,N09,N09,N09,1
fork_join,39,improvement,N09,N09,N09,N09,1
fork_join,40,improvement,N09,N09,N09,N09,1
fork_join,41,improvement,N09,N09,N09,N09,1
fork_join,42,improvement,N09,N09,N09,N09,1
fork_join,43,improvement,N09,N09,N09,N09,1
fork_join,44,improvement,N09,N09,N09,N09,1
fork_join,45,improvement,N09,N09,N09,N09,1
fork_join,46,improvement,N09,N09,N09,N09,1
fork_join,47,improvement,N09,N09,N09,N09,1
fork_join,48,improvement,N09,N09,N09,N09,1
fork_join,49,improvement,N09,N09,N09,N09,1
nonbottleneck_control,0,queue,N06,N03,N06,N06,1
nonbottleneck_control,1,queue,N06,N03,N06,N06,1
nonbottleneck_control,2,queue,N06,N03,N06,N06,1
nonbottleneck_control,3,queue,N06,N03,N06,N06,1
nonbottleneck_control,4,queue,N06,N03,N06,N06,1
nonbottleneck_control,5,queue,N06,N03,N06,N06,1
nonbottleneck_control,6,queue,N06,N03,N06,N06,1
nonbottleneck_control,7,queue,N06,N03,N06,N06,1
nonbottleneck_control,8,queue,N06,N03,N06,N06,1
nonbottleneck_control,9,queue,N06,N03,N06,N06,1
nonbottleneck_control,10,queue,N06,N03,N06,N06,1
nonbottleneck_control,11,queue,N06,N03,N06,N06,1
nonbottleneck_control,12,queue,N06,N03,N06,N06,1
nonbottleneck_control,13,queue,N06,N03,N06,N06,1
nonbottleneck_control,14,queue,N06,N03,N06,N06,1
nonbottleneck_control,15,queue,N06,N03,N06,N06,1
nonbottleneck_control,16,queue,N06,N03,N06,N06,1
nonbottleneck_control,17,queue,N06,N03,N06,N06,1
nonbottleneck_control,18,queue,N06,N03,N06,N06,1
nonbottleneck_control,19,queue,N06,N03,N06,N06,1
nonbottleneck_control,20,queue,N06,N03,N06,N06,1
nonbottleneck_control,21,queue,N06,N03,N06,N06,1
nonbottleneck_control,22,queue,N06,N03,N06,N06,1
nonbottleneck_control,23,queue,N06,N03,N06,N06,1
nonbottleneck_control,24,queue,N06,N03,N06,N06,1
nonbottleneck_control,25,queue,N06,N03,N06,N06,1
nonbottleneck_control,26,queue,N06,N03,N06,N06,1
nonbottleneck_control,27,queue,N06,N03,N06,N06,1
nonbottleneck_control,28,queue,N06,N03,N06,N06,1
nonbottleneck_control,29,queue,N06,N03,N06,N06,1
nonbottleneck_control,30,queue,N06,N03,N06,N06,1
nonbottleneck_control,31,queue,N06,N03,N06,N06,1
nonbottleneck_control,32,queue,N06,N03,N06,N06,1
nonbottleneck_control,33,queue,N06,N03,N06,N06,1
nonbottleneck_control,34,queue,N06,N03,N06,N06,1
nonbottleneck_control,35,queue,N06,N03,N06,N06,1
nonbottleneck_control,36,queue,N06,N03,N06,N06,1
nonbottleneck_control,37,queue,N06,N03,N06,N06,1
nonbottleneck_control,38,queue,N06,N03,N06,N06,1
nonbottleneck_control,39,queue,N06,N03,N06,N06,1
nonbottleneck_control,40,queue,N06,N03,N06,N06,1
nonbottleneck_control,41,queue,N06,N03,N06,N06,1
nonbottleneck_control,42,queue,N06,N03,N06,N06,1
nonbottleneck_control,43,queue,N06,N03,N06,N06,1
nonbottleneck_control,44,queue,N06,N03,N06,N06,1
nonbottleneck_control,45,queue,N06,N03,N06,N06,1
nonbottleneck_control,46,queue,N06,N03,N06,N06,1
nonbottleneck_control,47,queue,N06,N03,N06,N06,1
nonbottleneck_control,48,queue,N06,N03,N06,N06,1
nonbottleneck_control,49,queue,N06,N03,N06,N06,1
nonbottleneck_control,0,utilization,N06,N03,N06,N06,1
nonbottleneck_control,1,utilization,N06,N03,N06,N06,1
nonbottleneck_control,2,utilization,N06,N03,N06,N06,1
nonbottleneck_control,3,utilization,N06,N03,N06,N06,1
nonbottleneck_control,4,utilization,N06,N03,N06,N06,1
nonbottleneck_control,5,utilization,N06,N03,N06,N06,1
nonbottleneck_control,6,utilization,N06,N03,N06,N06,1
nonbottleneck_control,7,utilization,N06,N03,N06,N06,1
nonbottleneck_control,8,utilization,N06,N03,N06,N06,1
nonbottleneck_control,9,utilization,N06,N03,N06,N06,1
nonbottleneck_control,10,utilization,N06,N03,N06,N06,1
nonbottleneck_control,11,utilization,N06,N03,N06,N06,1
nonbottleneck_control,12,utilization,N06,N03,N06,N06,1
nonbottleneck_control,13,utilization,N06,N03,N06,N06,1
nonbottleneck_control,14,utilization,N06,N03,N06,N06,1
nonbottleneck_control,15,utilization,N06,N03,N06,N06,1
nonbottleneck_control,16,utilization,N06,N03,N06,N06,1
nonbottleneck_control,17,utilization,N06,N03,N06,N06,1
nonbottleneck_control,18,utilization,N06,N03,N06,N06,1
nonbottleneck_control,19,utilization,N06,N03,N06,N06,1
nonbottleneck_control,20,utilization,N06,N03,N06,N06,1
nonbottleneck_control,21,utilization,N06,N03,N06,N06,1
nonbottleneck_control,22,utilization,N06,N03,N06,N06,1
nonbottleneck_control,23,utilization,N06,N03,N06,N06,1
nonbottleneck_control,24,utilization,N06,N03,N06,N06,1
nonbottleneck_control,25,utilization,N06,N03,N06,N06,1
nonbottleneck_control,26,utilization,N06,N03,N06,N06,1
nonbottleneck_control,27,utilization,N06,N03,N06,N06,1
nonbottleneck_control,28,utilization,N06,N03,N06,N06,1
nonbottleneck_control,29,utilization,N06,N03,N06,N06,1
nonbottleneck_control,30,utilization,N06,N03,N06,N06,1
nonbottleneck_control,31,utilization,N06,N03,N06,N06,1
nonbottleneck_control,32,utilization,N06,N03,N06,N06,1
nonbottleneck_control,33,utilization,N06,N03,N06,N06,1
nonbottleneck_control,34,utilization,N06,N03,N06,N06,1
nonbottleneck_control,35,utilization,N06,N03,N06,N06,1
nonbottleneck_control,36,utilization,N06,N03,N06,N06,1
nonbottleneck_control,37,utilization,N06,N03,N06,N06,1
nonbottleneck_control,38,utilization,N06,N03,N06,N06,1
nonbottleneck_control,39,utilization,N06,N03,N06,N06,1
nonbottleneck_control,40,utilization,N06,N03,N06,N06,1
nonbottleneck_control,41,utilization,N06,N03,N06,N06,1
nonbottleneck_control,42,utilization,N06,N03,N06,N06,1
nonbottleneck_control,43,utilization,N06,N03,N06,N06,1
nonbottleneck_control,44,utilization,N06,N03,N06,N06,1
nonbottleneck_control,45,utilization,N06,N03,N06,N06,1
nonbottleneck_control,46,utilization,N06,N03,N06,N06,1
nonbottleneck_control,47,utilization,N06,N03,N06,N06,1
nonbottleneck_control,48,utilization,N06,N03,N06,N06,1
nonbottleneck_control,49,utilization,N06,N03,N06,N06,1
nonbottleneck_control,0,improvement,N06,N03,N06,N06,1
nonbottleneck_control,1,improvement,N06,N03,N06,N06,1
nonbottleneck_control,2,improvement,N06,N03,N06,N06,1
nonbottleneck_control,3,improvement,N06,N03,N06,N06,1
nonbottleneck_control,4,improvement,N06,N03,N06,N06,1
nonbottleneck_control,5,improvement,N06,N03,N06,N06,1
nonbottleneck_control,6,improvement,N06,N03,N06,N06,1
nonbottleneck_control,7,improvement,N06,N03,N06,N06,1
nonbottleneck_control,8,improvement,N06,N03,N06,N06,1
nonbottleneck_control,9,improvement,N06,N03,N06,N06,1
nonbottleneck_control,10,improvement,N06,N03,N06,N06,1
nonbottleneck_control,11,improvement,N06,N03,N06,N06,1
nonbottleneck_control,12,improvement,N06,N03,N06,N06,1
nonbottleneck_control,13,improvement,N06,N03,N06,N06,1
nonbottleneck_control,14,improvement,N06,N03,N06,N06,1
nonbottleneck_control,15,improvement,N06,N03,N06,N06,1
nonbottleneck_control,16,improvement,N06,N03,N06,N06,1
nonbottleneck_control,17,improvement,N06,N03,N06,N06,1
nonbottleneck_control,18,improvement,N06,N03,N06,N06,1
nonbottleneck_control,19,improvement,N06,N03,N06,N06,1
nonbottleneck_control,20,improvement,N06,N03,N06,N06,1
nonbottleneck_control,21,improvement,N06,N03,N06,N06,1
nonbottleneck_control,22,improvement,N06,N03,N06,N06,1
nonbottleneck_control,23,improvement,N06,N03,N06,N06,1
nonbottleneck_control,24,improvement,N06,N03,N06,N06,1
nonbottleneck_control,25,improvement,N06,N03,N06,N06,1
nonbottleneck_control,26,improvement,N06,N03,N06,N06,1
nonbottleneck_control,27,improvement,N06,N03,N06,N06,1
nonbottleneck_control,28,improvement,N06,N03,N06,N06,1
nonbottleneck_control,29,improvement,N06,N03,N06,N06,1
nonbottleneck_control,30,improvement,N06,N03,N06,N06,1
nonbottleneck_control,31,improvement,N06,N03,N06,N06,1
nonbottleneck_control,32,improvement,N06,N03,N06,N06,1
nonbottleneck_control,33,improvement,N06,N03,N06,N06,1
nonbottleneck_control,34,improvement,N06,N03,N06,N06,1
nonbottleneck_control,35,improvement,N06,N03,N06,N06,1
nonbottleneck_control,36,improvement,N06,N03,N06,N06,1
nonbottleneck_control,37,improvement,N06,N03,N06,N06,1
nonbottleneck_control,38,improvement,N06,N03,N06,N06,1
nonbottleneck_control,39,improvement,N06,N03,N06,N06,1
nonbottleneck_control,40,improvement,N06,N03,N06,N06,1
nonbottleneck_control,41,improvement,N06,N03,N06,N06,1
nonbottleneck_control,42,improvement,N06,N03,N06,N06,1
nonbottleneck_control,43,improvement,N06,N03,N06,N06,1
nonbottleneck_control,44,improvement,N06,N03,N06,N06,1
nonbottleneck_control,45,improvement,N06,N03,N06,N06,1
nonbottleneck_control,46,improvement,N06,N03,N06,N06,1
nonbottleneck_control,47,improvement,N06,N03,N06,N06,1
nonbottleneck_control,48,improvement,N06,N03,N06,N06,1
nonbottleneck_control,49,improvement,N06,N03,N06,N06,1
